"Id","dow_number","day_of_week","part_of_week","time_of_day","total_calories","total_intensity","total_average_intensity","average_intensity","max_intensity","min_intensity"
1503960366,0,"Sunday","Weekend","Night",1801184,165627,2760.4500000001663,0.12031250000000725,1.266667,0
1503960366,0,"Sunday","Weekend","Afternoon",1350888,448842,7480.699761000819,0.43472220833338093,1.916667,0.016667
1503960366,0,"Sunday","Weekend","Morning",1576036,112569,1876.1509559999065,0.09345242857142391,0.433333,0
1503960366,0,"Sunday","Weekend","Evening",675444,311895,5198.25000000021,0.604166666666691,2.183333,0.1
1503960366,1,"Monday","Weekday","Evening",675444,422313,7038.550238999563,0.8180555833332825,2.2,0.033333
1503960366,1,"Monday","Weekday","Afternoon",1350888,331971,5532.850956000616,0.32152783333336915,1.9,0
1503960366,1,"Monday","Weekday","Morning",1576036,317631,5293.851912001031,0.2636905714286228,1.066667,0
1503960366,1,"Monday","Weekday","Night",1801184,111135,1852.250478000054,0.08072918750000235,0.466667,0
1503960366,2,"Tuesday","Weekday","Morning",1970045,390765,6512.751195000397,0.25952385714287296,1.016667,0
1503960366,2,"Tuesday","Weekday","Evening",844305,335556,5592.600716999851,0.5200000666666528,1.216667,0.016667
1503960366,2,"Tuesday","Weekday","Afternoon",1688610,650319,10838.64952199924,0.5038888666666314,1.433333,0.083333
1503960366,2,"Tuesday","Weekday","Night",2251480,192873,3214.550478000148,0.11208335000000516,0.966667,0
1503960366,3,"Wednesday","Weekday","Night",2138906,140532,2342.1988050003206,0.08596486842106439,0.933333,0
1503960366,3,"Wednesday","Weekday","Afternoon",1688610,539901,8998.351434000733,0.4183334000000341,1.7,0.033333
1503960366,3,"Wednesday","Weekday","Evening",788018,346311,5771.850716999696,0.5750000714285411,2.5,0
1503960366,3,"Wednesday","Weekday","Morning",1970045,319782,5329.699760999995,0.21238094285714268,0.833333,0
1503960366,4,"Thursday","Weekday","Night",1801184,117588,1959.7990439998673,0.08541662499999422,0.8,0
1503960366,4,"Thursday","Weekday","Morning",1576036,215100,3585.0007170000354,0.17857146428571605,0.633333,0
1503960366,4,"Thursday","Weekday","Afternoon",1350888,364236,6070.5995220008845,0.3527777500000514,1.166667,0.033333
1503960366,4,"Thursday","Weekday","Evening",675444,306159,5102.649521999841,0.5930554999999815,1.883333,0.016667
1503960366,5,"Friday","Weekday","Afternoon",1350888,255252,4254.20047799993,0.24722224999999592,0.933333,0
1503960366,5,"Friday","Weekday","Night",1801184,324084,5401.401195000112,0.2354167187500049,1.583333,0
1503960366,5,"Friday","Weekday","Evening",675444,272460,4540.999760999572,0.5277777499999502,2.65,0.133333
1503960366,5,"Friday","Weekday","Morning",1576036,176382,2939.700000000172,0.14642857142858,0.566667,0
1503960366,6,"Saturday","Weekend","Afternoon",1350888,499749,8329.149522000956,0.4840277500000556,1.65,0
1503960366,6,"Saturday","Weekend","Night",1801184,197892,3298.201434000344,0.14375006250001499,1.8,0
1503960366,6,"Saturday","Weekend","Evening",675444,161325,2688.7507169998617,0.31250008333331725,1.016667,0.033333
1503960366,6,"Saturday","Weekend","Morning",1576036,284649,4744.149522000233,0.23630950000001164,0.983333,0
1624580081,0,"Sunday","Weekend","Afternoon",1103520,238464,3974.400000000017,0.22500000000000095,0.933333,0
1624580081,0,"Sunday","Weekend","Evening",551760,119232,1987.1999999998604,0.22499999999998418,0.55,0.033333
1624580081,0,"Sunday","Weekend","Morning",1287440,616032,10267.19926399997,0.4982142499999985,2.816667,0
1624580081,0,"Sunday","Weekend","Night",1471360,124384,2073.0691200000656,0.08802093750000278,0.816667,0
1624580081,1,"Monday","Weekday","Night",1471360,50784,846.3992639998856,0.03593746874999514,0.15,0
1624580081,1,"Monday","Weekday","Morning",1287440,222272,3704.534559999902,0.17976196428570954,0.816667,0
1624580081,1,"Monday","Weekday","Evening",551760,91264,1521.066912000055,0.17222225000000624,0.966667,0
1624580081,1,"Monday","Weekday","Afternoon",1103520,194304,3238.4014720001287,0.18333341666667397,1.166667,0
1624580081,2,"Tuesday","Weekday","Morning",1609300,187680,3128.0022080003773,0.1214286571428718,1,0
1624580081,2,"Tuesday","Weekday","Afternoon",1379400,187680,3128.000000000053,0.14166666666666908,0.533333,0
1624580081,2,"Tuesday","Weekday","Night",1839200,55936,932.2698559999291,0.03166677499999759,0.2,0
1624580081,2,"Tuesday","Weekday","Evening",689700,55936,932.2676480000576,0.08444453333333855,0.233333,0
1624580081,3,"Wednesday","Weekday","Evening",689700,69184,1153.0676480000677,0.10444453333333947,0.266667,0.016667
1624580081,3,"Wednesday","Weekday","Afternoon",1379400,264960,4416.000736000075,0.20000003333333674,1.866667,0
1624580081,3,"Wednesday","Weekday","Morning",1609300,187680,3128.0007359995807,0.12142859999998372,0.75,0
1624580081,3,"Wednesday","Weekday","Night",1839200,71392,1189.867647999999,0.040416699999999965,0.216667,0
1624580081,4,"Thursday","Weekday","Afternoon",1241460,220064,3667.7330880000254,0.18456788888889017,0.583333,0
1624580081,4,"Thursday","Weekday","Evening",551760,115552,1925.866912000022,0.21805558333333583,0.933333,0
1624580081,4,"Thursday","Weekday","Morning",1609300,169280,2821.335296000296,0.10952388571429719,0.75,0
1624580081,4,"Thursday","Weekday","Night",1747240,56672,944.5338239999234,0.03377194736841831,0.2,0
1624580081,5,"Friday","Weekday","Morning",1287440,78752,1312.5338240000965,0.06369050000000469,0.416667,0
1624580081,5,"Friday","Weekday","Night",1471360,98624,1643.7338240000367,0.06979168750000156,0.466667,0
1624580081,5,"Friday","Weekday","Evening",551760,135424,2257.0669120001467,0.25555558333334993,0.533333,0
1624580081,5,"Friday","Weekday","Afternoon",1103520,89792,1496.5345599999912,0.08472229166666617,0.4,0
1624580081,6,"Saturday","Weekend","Morning",1287440,90528,1508.8000000000675,0.07321428571428899,0.4,0
1624580081,6,"Saturday","Weekend","Night",1471360,153088,2551.4661759998626,0.10833331249999416,0.733333,0
1624580081,6,"Saturday","Weekend","Evening",551760,197984,3299.7338239994065,0.37361116666659944,0.85,0.016667
1624580081,6,"Saturday","Weekend","Afternoon",1103520,211968,3532.800735999706,0.20000004166665003,1.45,0
1644430081,0,"Sunday","Weekend","Afternoon",2019000,299484,4991.397168000409,0.2937498333333574,1.55,0.016667
1644430081,0,"Sunday","Weekend","Evening",1009500,110448,1840.8000000001423,0.2166666666666834,0.45,0
1644430081,0,"Sunday","Weekend","Night",2692000,130980,2183.0018880000584,0.09635425000000258,0.55,0
1644430081,0,"Sunday","Weekend","Morning",2355500,86376,1439.601180000056,0.07261910714285998,0.383333,0
1644430081,1,"Monday","Weekday","Evening",1009500,222312,3705.200472000022,0.4361111666666692,1.916667,0
1644430081,1,"Monday","Weekday","Morning",2355500,176292,2938.200708000015,0.1482143214285722,1,0
1644430081,1,"Monday","Weekday","Afternoon",2019000,226560,3775.999764000045,0.222222208333336,0.8,0
1644430081,1,"Monday","Weekday","Night",2692000,15576,259.6009440000506,0.011458375000002234,0.15,0
1644430081,2,"Tuesday","Weekday","Night",3365000,175584,2926.4011799999175,0.10333337499999709,1.116667,0
1644430081,2,"Tuesday","Weekday","Morning",2944375,139476,2324.6004720005253,0.09380954285716406,0.333333,0
1644430081,2,"Tuesday","Weekday","Afternoon",2523750,281784,4696.399056000666,0.22111106666669803,0.883333,0
1644430081,2,"Tuesday","Weekday","Evening",1261875,643572,10726.20000000204,1.010000000000192,1.5,0.466667
1644430081,3,"Wednesday","Weekday","Morning",2860250,122484,2041.399056000023,0.08480388235294213,0.316667,0
1644430081,3,"Wednesday","Weekday","Afternoon",2019000,150804,2513.3992919998127,0.14791662499998898,0.333333,0
1644430081,3,"Wednesday","Weekday","Evening",1009500,127440,2124.0007079997677,0.250000083333306,2.166667,0
1644430081,3,"Wednesday","Weekday","Night",3196750,18408,306.80047199998944,0.011403526315789081,0.083333,0
1644430081,4,"Thursday","Weekday","Night",2692000,104784,1746.4002359998653,0.07708334374999405,1.016667,0
1644430081,4,"Thursday","Weekday","Evening",1009500,300192,5003.19952800035,0.5888888333333746,1.15,0.05
1644430081,4,"Thursday","Weekday","Afternoon",2019000,157176,2619.599999999631,0.15416666666664497,0.75,0
1644430081,4,"Thursday","Weekday","Morning",2355500,65136,1085.6011800001,0.054761964285719326,0.216667,0
1644430081,5,"Friday","Weekday","Evening",1009500,75048,1250.799527999952,0.14722216666666102,0.483333,0
1644430081,5,"Friday","Weekday","Morning",2355500,141600,2360.001888000116,0.11904771428572014,0.583333,0
1644430081,5,"Friday","Weekday","Afternoon",2019000,235764,3929.400708000475,0.2312500416666946,0.65,0
1644430081,5,"Friday","Weekday","Night",2692000,126024,2100.399527999919,0.09270831249999642,0.683333,0
1644430081,6,"Saturday","Weekend","Evening",1009500,284616,4743.600707999782,0.5583334166666409,1.35,0.066667
1644430081,6,"Saturday","Weekend","Night",2692000,83544,1392.4009439998154,0.06145837499999185,0.7,0
1644430081,6,"Saturday","Weekend","Afternoon",2019000,474360,7906.000943999578,0.4652778333333085,1.633333,0
1644430081,6,"Saturday","Weekend","Morning",2355500,297360,4955.9992919997085,0.24999996428569957,1.05,0
1844505072,0,"Sunday","Weekend","Morning",1363068,0,0,0,0,0
1844505072,0,"Sunday","Weekend","Afternoon",1168344,101609,1693.482845999974,0.09652774999999851,0.833333,0
1844505072,0,"Sunday","Weekend","Evening",584172,44591,743.183576999987,0.08472224999999853,0.383333,0
1844505072,0,"Sunday","Weekend","Night",1557792,80410,1340.1671539999313,0.057291687499997065,0.65,0
1844505072,1,"Monday","Weekday","Morning",1363068,41667,694.4499999999903,0.033928571428570954,0.283333,0
1844505072,1,"Monday","Weekday","Afternoon",1168344,29971,499.51715399998636,0.028472249999999224,0.4,0
1844505072,1,"Monday","Weekday","Night",1557792,52632,877.2000000000137,0.03750000000000059,0.733333,0
1844505072,1,"Monday","Weekday","Evening",584172,51901,865.0164229999651,0.09861108333332935,0.6,0
1844505072,2,"Tuesday","Weekday","Afternoon",1460430,146931,2448.850000000235,0.11166666666667738,0.533333,0
1844505072,2,"Tuesday","Weekday","Morning",1703835,141814,2363.5664229998924,0.09238094285713866,0.616667,0
1844505072,2,"Tuesday","Weekday","Evening",730215,73100,1218.332845999949,0.11111106666666203,0.4,0
1844505072,2,"Tuesday","Weekday","Night",1947240,27778,462.9671540000096,0.01583335000000033,0.333333,0
1844505072,3,"Wednesday","Weekday","Morning",1703835,79679,1327.9835769998977,0.05190477142856743,0.483333,0
1844505072,3,"Wednesday","Weekday","Night",1947240,24123,402.050730999994,0.013750024999999796,0.366667,0
1844505072,3,"Wednesday","Weekday","Afternoon",1460430,94299,1571.6507310002498,0.0716667000000114,0.45,0
1844505072,3,"Wednesday","Weekday","Evening",730215,48246,804.0999999999774,0.07333333333333127,0.433333,0
1844505072,4,"Thursday","Weekday","Night",1849878,70176,1169.6007310000991,0.04210528947368778,0.45,0
1844505072,4,"Thursday","Weekday","Afternoon",1168344,316523,5275.38430799986,0.300694499999992,0.583333,0
1844505072,4,"Thursday","Weekday","Evening",584172,182019,3033.6507309998633,0.3458334166666511,1.116667,0
1844505072,4,"Thursday","Weekday","Morning",1606473,260967,4349.450000000374,0.18030303030304579,0.616667,0
1844505072,5,"Friday","Weekday","Morning",1363068,133773,2229.5492689996427,0.10892853571426826,0.6,0
1844505072,5,"Friday","Weekday","Afternoon",1168344,154972,2582.866422999915,0.14722220833332847,0.45,0
1844505072,5,"Friday","Weekday","Evening",584172,100878,1681.2999999999568,0.19166666666666174,0.566667,0
1844505072,5,"Friday","Weekday","Night",1557792,81872,1364.5335770000029,0.05833334375000012,0.466667,0
1844505072,6,"Saturday","Weekend","Evening",584172,21199,353.31715399998524,0.04027783333333165,0.216667,0
1844505072,6,"Saturday","Weekend","Afternoon",1168344,141083,2351.3835769999187,0.13402779166666204,0.683333,0
1844505072,6,"Saturday","Weekend","Morning",1363068,154972,2582.8678850001334,0.12619053571429223,0.516667,0
1844505072,6,"Saturday","Weekend","Night",1557792,26316,438.6007309999853,0.01875003124999937,0.266667,0
1927972279,0,"Sunday","Weekend","Afternoon",1616328,68448,1140.7999999999997,0.06458333333333331,0.916667,0
1927972279,0,"Sunday","Weekend","Morning",1885716,69184,1153.0669119998997,0.05595239285713799,0.516667,0
1927972279,0,"Sunday","Weekend","Night",2155104,0,0,0,0,0
1927972279,0,"Sunday","Weekend","Evening",808164,12512,208.53382400000592,0.02361116666666734,0.2,0
1927972279,1,"Monday","Weekday","Afternoon",1616328,44160,735.9999999999924,0.041666666666666234,0.25,0
1927972279,1,"Monday","Weekday","Morning",1885716,61824,1030.400736000027,0.05000003571428703,1.05,0
1927972279,1,"Monday","Weekday","Night",2155104,0,0,0,0,0
1927972279,1,"Monday","Weekday","Evening",808164,31648,527.4669119999971,0.05972224999999968,0.516667,0
1927972279,2,"Tuesday","Weekday","Evening",1010205,40480,674.6669120000129,0.0611111333333345,0.416667,0
1927972279,2,"Tuesday","Weekday","Morning",2357145,55200,920.000000000014,0.03571428571428626,0.666667,0
1927972279,2,"Tuesday","Weekday","Afternoon",2020410,104512,1741.8669120000366,0.07888890000000165,0.6,0
1927972279,2,"Tuesday","Weekday","Night",2693880,16192,269.86691200000115,0.009166675000000039,0.1,0
1927972279,3,"Wednesday","Weekday","Afternoon",2020410,40480,674.6676480000269,0.03055560000000122,0.2,0
1927972279,3,"Wednesday","Weekday","Night",2693880,5152,85.86617599999786,0.0029166499999999274,0.033333,0
1927972279,3,"Wednesday","Weekday","Morning",2357145,36064,601.0676480000645,0.023333371428573935,0.566667,0
1927972279,3,"Wednesday","Weekday","Evening",1010205,5888,98.13382399999863,0.008888933333333208,0.066667,0
1927972279,4,"Thursday","Weekday","Afternoon",1818369,92736,1545.6000000001522,0.07777777777778544,0.566667,0
1927972279,4,"Thursday","Weekday","Morning",2357145,35328,588.8007359999789,0.02285717142857061,0.266667,0
1927972279,4,"Thursday","Weekday","Evening",808164,16192,269.866912000022,0.030555583333335825,0.116667,0
1927972279,4,"Thursday","Weekday","Night",2559186,3680,61.333823999999126,0.002192999999999969,0.066667,0
1927972279,5,"Friday","Weekday","Afternoon",1616328,27968,466.13382400002143,0.02638891666666788,0.283333,0
1927972279,5,"Friday","Weekday","Evening",808164,49312,821.8669120000328,0.09305558333333705,0.783333,0
1927972279,5,"Friday","Weekday","Night",2155104,8096,134.933087999999,0.005729156249999957,0.083333,0
1927972279,5,"Friday","Weekday","Morning",1885716,39008,650.1330880000161,0.031547607142857925,0.316667,0
1927972279,6,"Saturday","Weekend","Evening",808164,16192,269.86691199999,0.030555583333332203,0.166667,0
1927972279,6,"Saturday","Weekend","Afternoon",1616328,35328,588.8000000000294,0.033333333333335,0.433333,0
1927972279,6,"Saturday","Weekend","Night",2155104,0,0,0,0,0
1927972279,6,"Saturday","Weekend","Morning",1885716,90528,1508.79926399995,0.07321424999999757,0.533333,0
2022484408,0,"Sunday","Weekend","Night",2484256,0,0,0,0,0
2022484408,0,"Sunday","Weekend","Morning",2173724,567456,9457.598527999626,0.45892849999998186,1.9,0
2022484408,0,"Sunday","Weekend","Afternoon",1863192,389344,6489.066176000831,0.36736108333338036,0.866667,0
2022484408,0,"Sunday","Weekend","Evening",931596,46368,772.7992640000081,0.08749991666666758,0.783333,0
2022484408,1,"Monday","Weekday","Evening",931596,72864,1214.3999999999687,0.13749999999999646,0.566667,0
2022484408,1,"Monday","Weekday","Afternoon",1863192,554944,9249.068383999811,0.5236112083333226,2.1,0.066667
2022484408,1,"Monday","Weekday","Morning",2173724,640320,10672.000000000771,0.5178571428571803,2.616667,0
2022484408,1,"Monday","Weekday","Night",2484256,0,0,0,0,0
2022484408,2,"Tuesday","Weekday","Afternoon",2328990,747040,12450.66838400114,0.5638889666667183,2.016667,0.016667
2022484408,2,"Tuesday","Weekday","Morning",2717155,810336,13505.599263999231,0.5242856857142558,2.616667,0
2022484408,2,"Tuesday","Weekday","Night",3105320,0,0,0,0,0
2022484408,2,"Tuesday","Weekday","Evening",1164495,75072,1251.1992639999803,0.11333326666666488,0.416667,0
2022484408,3,"Wednesday","Weekday","Night",3105320,0,0,0,0,0
2022484408,3,"Wednesday","Weekday","Evening",1164495,91264,1521.0676479999986,0.13777786666666653,0.45,0
2022484408,3,"Wednesday","Weekday","Morning",2717155,805184,13419.734559998735,0.5209524285713795,2.416667,0
2022484408,3,"Wednesday","Weekday","Afternoon",2328990,750720,12512.000736000024,0.5666667000000011,1.966667,0.116667
2022484408,4,"Thursday","Weekday","Morning",2717155,784576,13076.268384000161,0.5076191142857205,1.7,0
2022484408,4,"Thursday","Weekday","Afternoon",2096091,692576,11542.933823999345,0.5808642222221893,1.733333,0.033333
2022484408,4,"Thursday","Weekday","Night",2950054,0,0,0,0,0
2022484408,4,"Thursday","Weekday","Evening",931596,93472,1557.8661759999432,0.1763888333333269,0.483333,0
2022484408,5,"Friday","Weekday","Night",2484256,0,0,0,0,0
2022484408,5,"Friday","Weekday","Afternoon",1863192,474720,7911.998528000168,0.4479165833333429,1.766667,0.116667
2022484408,5,"Friday","Weekday","Evening",931596,97152,1619.199264000049,0.18333325000000555,0.583333,0
2022484408,5,"Friday","Weekday","Morning",2173724,646208,10770.13235200215,0.5226190000001043,2.516667,0
2022484408,6,"Saturday","Weekend","Afternoon",1863192,404064,6734.399999999695,0.3812499999999827,1.466667,0
2022484408,6,"Saturday","Weekend","Evening",931596,78016,1300.2676479999748,0.14722233333333049,0.366667,0
2022484408,6,"Saturday","Weekend","Night",2484256,5152,85.86691200000108,0.0036458437500000457,0.116667,0
2022484408,6,"Saturday","Weekend","Morning",2173724,398912,6648.534559999255,0.322619107142821,2.216667,0
2026352035,0,"Sunday","Weekend","Evening",573300,65504,1091.7323520000486,0.12361100000000551,0.333333,0
2026352035,0,"Sunday","Weekend","Morning",1337700,292928,4882.134560000431,0.23690482142859232,0.583333,0.016667
2026352035,0,"Sunday","Weekend","Afternoon",1146600,129536,2158.9323520001735,0.12222216666667648,0.366667,0
2026352035,0,"Sunday","Weekend","Night",1528800,7360,122.6676479999928,0.005208374999999694,0.033333,0
2026352035,1,"Monday","Weekday","Evening",573300,133216,2220.266175999942,0.25138883333332673,0.6,0
2026352035,1,"Monday","Weekday","Afternoon",1146600,432032,7200.533088000641,0.4076388750000363,0.933333,0
2026352035,1,"Monday","Weekday","Morning",1337700,306176,5102.932352000608,0.2476190000000295,0.633333,0.033333
2026352035,1,"Monday","Weekday","Night",1528800,10304,171.73382400001208,0.007291687500000513,0.1,0
2026352035,2,"Tuesday","Weekday","Night",1911000,12512,208.53382399999202,0.007083349999999729,0.066667,0
2026352035,2,"Tuesday","Weekday","Afternoon",1433250,306176,5102.931615999451,0.23111103333330849,0.583333,0
2026352035,2,"Tuesday","Weekday","Evening",716625,122912,2048.533824000031,0.18555560000000282,0.466667,0
2026352035,2,"Tuesday","Weekday","Morning",1672125,262016,4366.933087999953,0.1695237999999982,0.583333,0
2026352035,3,"Wednesday","Weekday","Afternoon",1433250,590272,9837.869120000269,0.44555566666667884,0.916667,0.116667
2026352035,3,"Wednesday","Weekday","Evening",716625,202400,3373.333824000044,0.305555600000004,0.55,0.083333
2026352035,3,"Wednesday","Weekday","Morning",1672125,299552,4992.5338239997545,0.19380954285713334,0.5,0.033333
2026352035,3,"Wednesday","Weekday","Night",1911000,30912,515.2036799999383,0.017500124999997906,0.15,0
2026352035,4,"Thursday","Weekday","Morning",1672125,471040,7850.666175999814,0.3047618857142785,0.666667,0.016667
2026352035,4,"Thursday","Weekday","Afternoon",1289925,447488,7458.130879999714,0.3753085185185041,0.75,0.083333
2026352035,4,"Thursday","Weekday","Night",1815450,44896,748.26764799996,0.026754421052630147,0.4,0
2026352035,4,"Thursday","Weekday","Evening",573300,122912,2048.534560000105,0.23194458333334522,0.366667,0.016667
2026352035,5,"Friday","Weekday","Morning",1337700,319424,5323.732352000362,0.25833328571430325,0.533333,0.016667
2026352035,5,"Friday","Weekday","Night",1528800,13984,233.06764800002384,0.009895875000001012,0.05,0
2026352035,5,"Friday","Weekday","Evening",573300,96416,1606.93308799995,0.181944416666661,0.35,0
2026352035,5,"Friday","Weekday","Afternoon",1146600,368736,6145.59999999973,0.3479166666666514,0.716667,0.033333
2026352035,6,"Saturday","Weekend","Night",1528800,16192,269.86691200003077,0.011458343750001307,0.083333,0
2026352035,6,"Saturday","Weekend","Afternoon",1146600,282624,4710.401471999431,0.2666667499999678,0.766667,0.033333
2026352035,6,"Saturday","Weekend","Evening",573300,80224,1337.066176000112,0.15138883333334602,0.333333,0
2026352035,6,"Saturday","Weekend","Morning",1337700,389344,6489.065439999635,0.3148808928571251,0.75,0
2320127002,0,"Sunday","Weekend","Afternoon",1279872,199185,3319.750245000042,0.1881944583333357,0.55,0
2320127002,0,"Sunday","Weekend","Morning",1493184,109515,1825.250490000051,0.08869050000000248,0.4,0
2320127002,0,"Sunday","Weekend","Evening",639936,123480,2057.9992649998367,0.23333324999998148,0.433333,0
2320127002,0,"Sunday","Weekend","Night",1706496,111720,1861.9997550000157,0.07916665625000067,0.283333,0
2320127002,1,"Monday","Weekday","Evening",639936,116865,1947.7499999999516,0.22083333333332783,0.683333,0
2320127002,1,"Monday","Weekday","Morning",1493184,122745,2045.751224999897,0.09940482142856642,0.4,0
2320127002,1,"Monday","Weekday","Night",1706496,138180,2303.0012250001428,0.09791671875000607,0.35,0
2320127002,1,"Monday","Weekday","Afternoon",1279872,166110,2768.502449999951,0.15694458333333056,0.666667,0
2320127002,2,"Tuesday","Weekday","Evening",799920,227115,3785.250735000168,0.3433334000000152,1.016667,0.033333
2320127002,2,"Tuesday","Weekday","Night",2133120,162435,2707.2497550000835,0.09208332500000284,0.783333,0
2320127002,2,"Tuesday","Weekday","Afternoon",1599840,327810,5463.500490000672,0.24777780000003047,1.116667,0
2320127002,2,"Tuesday","Weekday","Morning",1866480,264600,4409.999265000327,0.17142854285715556,0.666667,0
2320127002,3,"Wednesday","Weekday","Morning",1866480,239610,3993.5012249999077,0.15523814285713927,0.6,0
2320127002,3,"Wednesday","Weekday","Night",2133120,155820,2596.9990199998197,0.08833329999999387,0.533333,0
2320127002,3,"Wednesday","Weekday","Evening",799920,129360,2156.0004900000727,0.1955556000000066,0.5,0
2320127002,3,"Wednesday","Weekday","Afternoon",1599840,264600,4409.999264999961,0.19999996666666492,0.866667,0
2320127002,4,"Thursday","Weekday","Afternoon",1386528,154350,2572.500734999832,0.13461542307691426,0.5,0
2320127002,4,"Thursday","Weekday","Evening",639936,77910,1298.500245000009,0.14722225000000103,0.6,0
2320127002,4,"Thursday","Weekday","Night",2026464,83055,1384.2504899999597,0.04956142105263014,0.333333,0
2320127002,4,"Thursday","Weekday","Morning",1866480,262395,4373.250000000116,0.17000000000000454,0.566667,0
2320127002,5,"Friday","Weekday","Evening",639936,111720,1861.9997549999264,0.21111108333332498,0.5,0
2320127002,5,"Friday","Weekday","Afternoon",1279872,105105,1751.749755000033,0.09930554166666854,0.6,0
2320127002,5,"Friday","Weekday","Morning",1493184,249165,4152.750734999803,0.20178574999999044,0.516667,0
2320127002,5,"Friday","Weekday","Night",1706496,92610,1543.4985300000226,0.06562493750000097,0.3,0
2320127002,6,"Saturday","Weekend","Afternoon",1279872,218295,3638.2499999995075,0.2062499999999721,0.533333,0
2320127002,6,"Saturday","Weekend","Evening",639936,96285,1604.7504899999121,0.18194449999999004,0.366667,0
2320127002,6,"Saturday","Weekend","Morning",1493184,216825,3613.7502450000893,0.17559525000000434,0.55,0
2320127002,6,"Saturday","Weekend","Night",1706496,196245,3270.7499999999636,0.13906249999999845,0.45,0
2347167796,0,"Sunday","Weekend","Morning",514206,96462,1607.6998619999474,0.2773809285714195,0.8,0
2347167796,0,"Sunday","Weekend","Night",587664,414,6.900137999999996,0.0010416874999999994,0.016667,0
2347167796,0,"Sunday","Weekend","Evening",220374,64170,1069.5002760000255,0.43055566666667694,0.816667,0.25
2347167796,0,"Sunday","Weekend","Afternoon",440748,98118,1635.2987580000415,0.329166416666675,0.583333,0.133333
2347167796,1,"Monday","Weekday","Evening",220374,74106,1235.099862000005,0.4972221666666687,1.083333,0.1
2347167796,1,"Monday","Weekday","Night",587664,9108,151.80013800000052,0.022916687500000078,0.283333,0
2347167796,1,"Monday","Weekday","Afternoon",440748,101016,1683.6001380000514,0.33888891666667703,1.116667,0.083333
2347167796,1,"Monday","Weekday","Morning",514206,70380,1172.999448000016,0.2023808571428599,0.466667,0.033333
2347167796,2,"Tuesday","Weekday","Night",881496,2070,34.500276000000106,0.0034722500000000105,0.05,0
2347167796,2,"Tuesday","Weekday","Afternoon",661122,161874,2697.900137999848,0.36203705555553517,0.683333,0.016667
2347167796,2,"Tuesday","Weekday","Evening",330561,100602,1676.6999999999605,0.4499999999999894,1.216667,0.2
2347167796,2,"Tuesday","Weekday","Morning",771309,171396,2856.6000000000636,0.3285714285714359,0.95,0
2347167796,3,"Wednesday","Weekday","Evening",330561,145314,2421.899585999957,0.6499998888888773,1.95,0.033333
2347167796,3,"Wednesday","Weekday","Morning",771309,138276,2304.5988960001546,0.26507923809525585,1.116667,0
2347167796,3,"Wednesday","Weekday","Night",881496,7452,124.19999999999668,0.012499999999999666,0.133333,0
2347167796,3,"Wednesday","Weekday","Afternoon",661122,162288,2704.7998619999416,0.3629629444444366,1.133333,0.133333
2347167796,4,"Thursday","Weekday","Afternoon",661122,131652,2194.199171999896,0.2944443333333194,0.933333,0.083333
2347167796,4,"Thursday","Weekday","Night",881496,12420,207.0004139999918,0.020833374999999175,0.233333,0
2347167796,4,"Thursday","Weekday","Morning",771309,132066,2201.1005520001568,0.2531746666666847,1.2,0.016667
2347167796,4,"Thursday","Weekday","Evening",330561,81144,1352.3997239999926,0.3629628888888869,1.466667,0.033333
2347167796,5,"Friday","Weekday","Morning",514206,121716,2028.6008280000049,0.3500001428571437,1.583333,0.016667
2347167796,5,"Friday","Weekday","Afternoon",440748,87768,1462.799447999986,0.2944443333333305,0.85,0.033333
2347167796,5,"Friday","Weekday","Night",808038,11592,193.20013800001277,0.021212136363637765,0.283333,0
2347167796,5,"Friday","Weekday","Evening",220374,37260,620.999999999987,0.24999999999999478,0.65,0
2347167796,6,"Saturday","Weekend","Morning",514206,255438,4257.300276000093,0.7345238571428732,2.2,0
2347167796,6,"Saturday","Weekend","Night",587664,22770,379.4997239999951,0.05729162499999926,0.483333,0
2347167796,6,"Saturday","Weekend","Afternoon",440748,109296,1821.6000000000327,0.36666666666667325,1.2,0
2347167796,6,"Saturday","Weekend","Evening",220374,82800,1379.999447999928,0.5555553333333043,0.8,0.233333
2873212765,0,"Sunday","Weekend","Morning",1653652,524032,8733.866911999847,0.42380953571427826,2.466667,0
2873212765,0,"Sunday","Weekend","Evening",708708,86112,1435.200000000001,0.16250000000000012,0.366667,0
2873212765,0,"Sunday","Weekend","Night",1889888,13984,233.0669120000118,0.0098958437500005,0.3,0
2873212765,0,"Sunday","Weekend","Afternoon",1417416,276000,4600.000736000725,0.2604167083333744,0.7,0.033333
2873212765,1,"Monday","Weekday","Morning",1653652,603520,10058.666912001243,0.4880952500000603,0.866667,0.116667
2873212765,1,"Monday","Weekday","Night",1889888,51520,858.6661759999997,0.036458312499999986,0.35,0
2873212765,1,"Monday","Weekday","Evening",708708,54464,907.7338239999749,0.10277783333333049,0.183333,0
2873212765,1,"Monday","Weekday","Afternoon",1417416,304704,5078.399999999675,0.2874999999999816,0.566667,0.05
2873212765,2,"Tuesday","Weekday","Night",2362360,78752,1312.5345600000016,0.04458337500000006,0.466667,0
2873212765,2,"Tuesday","Weekday","Evening",885885,111136,1852.2676480000512,0.1677778666666713,0.416667,0.05
2873212765,2,"Tuesday","Weekday","Morning",2067065,757344,12622.39926400078,0.4899999714286017,0.966667,0.116667
2873212765,2,"Tuesday","Weekday","Afternoon",1771770,428352,7139.199999998942,0.3233333333332854,0.666667,0.066667
2873212765,3,"Wednesday","Weekday","Morning",2067065,791200,13186.66544000141,0.511904714285769,1.6,0.066667
2873212765,3,"Wednesday","Weekday","Evening",885885,109664,1827.7330879999843,0.1655555333333319,0.4,0
2873212765,3,"Wednesday","Weekday","Night",2362360,108192,1803.2000000000494,0.06125000000000168,0.45,0
2873212765,3,"Wednesday","Weekday","Afternoon",1771770,424672,7077.866176000259,0.3205555333333451,1.283333,0
2873212765,4,"Thursday","Weekday","Morning",2067065,723488,12058.133088001421,0.4680952285714837,1.533333,0.033333
2873212765,4,"Thursday","Weekday","Evening",708708,104512,1741.866911999961,0.1972222499999956,0.316667,0.016667
2873212765,4,"Thursday","Weekday","Afternoon",1594593,418784,6979.730879999224,0.35123444444440544,0.766667,0.016667
2873212765,4,"Thursday","Weekday","Night",2244242,0,0,0,0,0
2873212765,5,"Friday","Weekday","Afternoon",1417416,373888,6231.467647999119,0.3527778333332835,0.666667,0.066667
2873212765,5,"Friday","Weekday","Night",1889888,70656,1177.60000000001,0.05000000000000042,0.45,0
2873212765,5,"Friday","Weekday","Evening",708708,80224,1337.066176000089,0.1513888333333434,0.45,0.016667
2873212765,5,"Friday","Weekday","Morning",1653652,600576,10009.600735998427,0.4857143214284951,1.8,0.116667
2873212765,6,"Saturday","Weekend","Night",1889888,23552,392.5338240000062,0.016666687500000263,0.216667,0
2873212765,6,"Saturday","Weekend","Morning",1653652,646944,10782.399264002484,0.5232142500001206,2.183333,0
2873212765,6,"Saturday","Weekend","Evening",708708,144256,2404.265440000263,0.2722220833333631,0.933333,0
2873212765,6,"Saturday","Weekend","Afternoon",1417416,270112,4501.867648000049,0.2548611666666694,0.7,0
3372868164,0,"Sunday","Weekend","Evening",231534,65608,1093.467295999996,0.3861113333333319,0.616667,0.116667
3372868164,0,"Sunday","Weekend","Morning",810369,153872,2564.5336480000683,0.2587301904761974,0.483333,0.083333
3372868164,0,"Sunday","Weekend","Afternoon",578835,177944,2965.7331759998115,0.41888886666664005,1.233333,0.066667
3372868164,0,"Sunday","Weekend","Night",848958,11800,196.66729600000437,0.018939454545454967,0.116667,0
3372868164,1,"Monday","Weekday","Night",617424,12272,204.53364800000318,0.027083375000000423,0.1,0
3372868164,1,"Monday","Weekday","Evening",231534,49560,826.0000000000107,0.29166666666667046,0.466667,0
3372868164,1,"Monday","Weekday","Afternoon",463068,114696,1911.6004720000437,0.337500083333341,0.516667,0
3372868164,1,"Monday","Weekday","Morning",540246,216648,3610.8000000000634,0.546428571428581,1.683333,0.05
3372868164,2,"Tuesday","Weekday","Evening",347301,57112,951.8663519999786,0.22407399999999497,0.3,0.083333
3372868164,2,"Tuesday","Weekday","Morning",810369,227032,3783.8672960000526,0.38174609523810055,1.616667,0.016667
3372868164,2,"Tuesday","Weekday","Night",926136,30680,511.3341199999635,0.04513895833333011,0.366667,0
3372868164,2,"Tuesday","Weekday","Afternoon",694602,185024,3083.732704000151,0.36296288888890665,0.666667,0.066667
3372868164,3,"Wednesday","Weekday","Morning",810369,251104,4185.065879999817,0.42222214285712445,1.75,0
3372868164,3,"Wednesday","Weekday","Afternoon",694602,244496,4074.933175999722,0.47962961111107844,1.433333,0.1
3372868164,3,"Wednesday","Weekday","Night",926136,19824,330.3999999999919,0.029166666666665952,0.25,0
3372868164,3,"Wednesday","Weekday","Evening",347301,52864,881.0663520000203,0.2074073333333381,0.45,0
3372868164,4,"Thursday","Weekday","Afternoon",694602,192104,3201.735063999823,0.37685205555553475,0.666667,0.05
3372868164,4,"Thursday","Weekday","Night",926136,26904,448.40047199998463,0.039583374999998644,0.283333,0
3372868164,4,"Thursday","Weekday","Morning",810369,303024,5050.399055999774,0.5095237142856914,1.35,0.05
3372868164,4,"Thursday","Weekday","Evening",347301,77880,1297.999999999955,0.305555555555545,0.683333,0.066667
3372868164,5,"Friday","Weekday","Night",926136,18880,314.6663520000114,0.027777750000001006,0.283333,0
3372868164,5,"Friday","Weekday","Afternoon",694602,181248,3020.800943999976,0.3555556666666638,0.666667,0
3372868164,5,"Friday","Weekday","Morning",810369,178888,2981.4663520002046,0.3007936190476397,0.816667,0
3372868164,5,"Friday","Weekday","Evening",347301,66080,1101.3327040000597,0.25925911111112515,0.533333,0.033333
3372868164,6,"Saturday","Weekend","Morning",810369,273760,4562.667296000439,0.4603175238095681,1.6,0
3372868164,6,"Saturday","Weekend","Night",926136,15104,251.73364800001653,0.02222225000000146,0.216667,0
3372868164,6,"Saturday","Weekend","Evening",347301,64664,1077.733175999992,0.2537036666666648,0.683333,0
3372868164,6,"Saturday","Weekend","Afternoon",694602,157176,2619.600472000077,0.30833338888889794,0.766667,0
3977333714,0,"Sunday","Weekend","Night",1449664,223416,3723.601391999939,0.16718756249999728,1.616667,0
3977333714,0,"Sunday","Weekend","Evening",543624,265176,4419.599999999942,0.5291666666666598,2.45,0
3977333714,0,"Sunday","Weekend","Morning",1268456,137112,2285.2025520004086,0.11726203571430668,0.516667,0
3977333714,0,"Sunday","Weekend","Afternoon",1087248,432216,7203.60139200013,0.4312500833333411,1.816667,0
3977333714,1,"Monday","Weekday","Morning",1268456,103008,1716.7988400001052,0.08809517857143397,0.5,0
3977333714,1,"Monday","Weekday","Evening",543624,384888,6414.799535999895,0.7680554999999875,1.633333,0.016667
3977333714,1,"Monday","Weekday","Night",1449664,180960,3016.0004640000598,0.13541668750000269,1.8,0
3977333714,1,"Monday","Weekday","Afternoon",1087248,493464,8224.39953600173,0.4923610833334369,1.866667,0
3977333714,2,"Tuesday","Weekday","Afternoon",1359060,512952,8549.20116000056,0.40944450000002686,1.966667,0
3977333714,2,"Tuesday","Weekday","Morning",1585570,212976,3549.599304000027,0.14571425714285827,1.15,0
3977333714,2,"Tuesday","Weekday","Night",1812080,393240,6554.000231999962,0.23541667499999863,1.916667,0
3977333714,2,"Tuesday","Weekday","Evening",679530,275616,4593.60069599991,0.4400000666666581,1.8,0.033333
3977333714,3,"Wednesday","Weekday","Morning",1268456,155904,2598.3997680004527,0.13333332142859466,0.633333,0
3977333714,3,"Wednesday","Weekday","Night",1449664,211584,3526.4009279999177,0.1583333749999963,2.15,0
3977333714,3,"Wednesday","Weekday","Afternoon",1087248,320856,5347.6004640000065,0.32013891666666705,1.933333,0
3977333714,3,"Wednesday","Weekday","Evening",543624,199752,3329.1997680000745,0.3986110833333423,1.816667,0.016667
3977333714,4,"Thursday","Weekday","Night",1449664,180960,3016.0011600002013,0.13541671875000905,1.883333,0
3977333714,4,"Thursday","Weekday","Evening",543624,102312,1705.1999999999298,0.20416666666665825,1.25,0.016667
3977333714,4,"Thursday","Weekday","Afternoon",1087248,280488,4674.798144000279,0.2798610000000167,1.166667,0
3977333714,4,"Thursday","Weekday","Morning",1268456,246384,4106.400696000269,0.21071432142858523,0.933333,0
3977333714,5,"Friday","Weekday","Night",1449664,112752,1879.199999999976,0.08437499999999892,0.783333,0
3977333714,5,"Friday","Weekday","Afternoon",1087248,396024,6600.400463999592,0.39513891666664225,1.683333,0.016667
3977333714,5,"Friday","Weekday","Morning",1268456,128760,2146.0004640001193,0.11011907142857755,0.583333,0
3977333714,5,"Friday","Weekday","Evening",543624,274224,4570.400232000319,0.5472222500000382,2.066667,0
3977333714,6,"Saturday","Weekend","Night",1449664,91176,1519.599072000421,0.0682291250000189,1.116667,0
3977333714,6,"Saturday","Weekend","Afternoon",1087248,403680,6727.999535999905,0.4027777499999943,1.133333,0.016667
3977333714,6,"Saturday","Weekend","Evening",543624,349392,5823.200928000239,0.697222333333362,1.916667,0
3977333714,6,"Saturday","Weekend","Morning",1268456,307632,5127.199535999811,0.2630952142857046,1.583333,0
4020332650,0,"Sunday","Weekend","Evening",887196,27816,463.5997560000117,0.05277775000000134,0.3,0
4020332650,0,"Sunday","Weekend","Night",2365856,11712,195.1995120000042,0.008333312500000179,0.116667,0
4020332650,0,"Sunday","Weekend","Morning",2070124,75396,1256.6002440000982,0.06130953571429051,0.483333,0
4020332650,0,"Sunday","Weekend","Afternoon",1774392,79056,1317.6000000000374,0.07500000000000213,0.45,0
4020332650,1,"Monday","Weekday","Night",2365856,23424,390.3990239999993,0.01666662499999997,0.183333,0
4020332650,1,"Monday","Weekday","Evening",887196,67344,1122.3997559999389,0.12777774999999303,0.45,0
4020332650,1,"Monday","Weekday","Morning",2070124,1464,24.399755999999883,0.00119046428571428,0.033333,0
4020332650,1,"Monday","Weekday","Afternoon",1774392,88572,1476.2002440000917,0.08402779166667189,0.7,0
4020332650,2,"Tuesday","Weekday","Afternoon",2217990,217404,3623.399267999953,0.16499996666666453,0.533333,0
4020332650,2,"Tuesday","Weekday","Morning",2587655,190320,3172.0004879996713,0.12380954285713003,0.7,0
4020332650,2,"Tuesday","Weekday","Night",2957320,57096,951.5992679999808,0.03249997499999935,0.566667,0
4020332650,2,"Tuesday","Weekday","Evening",1108995,86376,1439.6002439999081,0.13111113333332497,0.55,0
4020332650,3,"Wednesday","Weekday","Night",2957320,79788,1329.800244000031,0.04541667500000106,1.016667,0
4020332650,3,"Wednesday","Weekday","Evening",1108995,98088,1634.7997559999922,0.14888886666666595,1.133333,0
4020332650,3,"Wednesday","Weekday","Morning",2587655,51972,866.1997560000802,0.03380951428571742,0.35,0
4020332650,3,"Wednesday","Weekday","Afternoon",2217990,233508,3891.7995119998095,0.17722219999999134,0.783333,0
4020332650,4,"Thursday","Weekday","Evening",887196,66612,1110.200244000001,0.1263889166666668,0.75,0
4020332650,4,"Thursday","Weekday","Night",2809454,76860,1281.0007319999152,0.04605265789473379,1.166667,0
4020332650,4,"Thursday","Weekday","Morning",2513722,8784,146.4000000000017,0.005882352941176539,0.183333,0
4020332650,4,"Thursday","Weekday","Afternoon",1774392,146400,2439.9997559999842,0.1388888749999991,1.55,0
4020332650,5,"Friday","Weekday","Night",2365856,46116,768.5999999999773,0.03281249999999903,0.516667,0
4020332650,5,"Friday","Weekday","Evening",887196,72468,1207.8000000000054,0.13750000000000062,1.116667,0
4020332650,5,"Friday","Weekday","Morning",2070124,132492,2208.2002439999605,0.10773810714285521,0.7,0
4020332650,5,"Friday","Weekday","Afternoon",1774392,47580,792.9997560000162,0.045138875000000925,0.233333,0
4020332650,6,"Saturday","Weekend","Afternoon",1774392,45384,756.4004879999807,0.04305558333333223,0.383333,0
4020332650,6,"Saturday","Weekend","Evening",887196,31476,524.599511999999,0.05972216666666655,0.4,0
4020332650,6,"Saturday","Weekend","Night",2365856,176412,2940.200243999951,0.12552084374999792,1.966667,0
4020332650,6,"Saturday","Weekend","Morning",2070124,95160,1586.0002439997759,0.07738096428570335,0.916667,0
4057192912,2,"Tuesday","Weekday","Night",62792,968,16.13330400000008,0.022916625000000114,0.133333,0
4057192912,2,"Tuesday","Weekday","Afternoon",47094,5808,96.79991199999962,0.18333316666666596,0.333333,0.083333
4057192912,2,"Tuesday","Weekday","Evening",23547,2464,41.06669599999979,0.15555566666666587,0.333333,0.016667
4057192912,2,"Tuesday","Weekday","Morning",54943,5192,86.5333039999993,0.14047614285714172,0.366667,0
4057192912,3,"Wednesday","Weekday","Morning",54943,7392,123.20000000000005,0.20000000000000007,0.433333,0
4057192912,3,"Wednesday","Weekday","Afternoon",47094,5016,83.60008799999979,0.1583334999999996,0.25,0.066667
4057192912,3,"Wednesday","Weekday","Evening",23547,1672,27.866695999999937,0.10555566666666642,0.2,0
4057192912,3,"Wednesday","Weekday","Night",62792,0,0,0,0,0
4057192912,4,"Thursday","Weekday","Morning",54943,0,0,0,0,0
4057192912,4,"Thursday","Weekday","Evening",23547,0,0,0,0,0
4057192912,4,"Thursday","Weekday","Night",62792,0,0,0,0,0
4057192912,4,"Thursday","Weekday","Afternoon",47094,0,0,0,0,0
4057192912,5,"Friday","Weekday","Night",47094,0,0,0,0,0
4057192912,5,"Friday","Weekday","Morning",54943,7656,127.60000000000014,0.20714285714285735,0.516667,0
4057192912,5,"Friday","Weekday","Afternoon",23547,1760,29.33330399999987,0.11111099999999952,0.216667,0.033333
4319703577,0,"Sunday","Weekend","Night",1980928,47060,784.3345399999894,0.03385421874999954,0.416667,0
4319703577,0,"Sunday","Weekend","Afternoon",1485696,135388,2256.4661839997416,0.12986108333331847,0.483333,0
4319703577,0,"Sunday","Weekend","Morning",1733312,97740,1629.0000000001078,0.08035714285714818,0.5,0
4319703577,0,"Sunday","Weekend","Evening",742848,28960,482.66618400001107,0.05555550000000128,0.15,0
4319703577,1,"Monday","Weekday","Afternoon",1485696,371412,6190.199275999609,0.35624995833331086,0.783333,0
4319703577,1,"Monday","Weekday","Night",1980928,56472,941.1999999998334,0.040624999999992806,0.35,0
4319703577,1,"Monday","Weekday","Morning",1733312,359104,5985.066184000723,0.2952380714286071,0.916667,0
4319703577,1,"Monday","Weekday","Evening",742848,124528,2075.466907999863,0.2388889166666509,0.983333,0
4319703577,2,"Tuesday","Weekday","Afternoon",1857120,369964,6166.066908000305,0.28388890000001404,0.65,0
4319703577,2,"Tuesday","Weekday","Evening",928560,168692,2811.5330919997114,0.25888886666664007,1.166667,0
4319703577,2,"Tuesday","Weekday","Night",2476160,39820,663.6676319999207,0.02291669999999726,0.266667,0
4319703577,2,"Tuesday","Weekday","Morning",2166640,427884,7131.401447999717,0.28142862857141737,1,0
4319703577,3,"Wednesday","Weekday","Night",2476160,34028,567.1352639999308,0.01958339999999761,0.366667,0
4319703577,3,"Wednesday","Weekday","Morning",2166640,483632,8060.534540001727,0.31809528571435386,1.45,0
4319703577,3,"Wednesday","Weekday","Afternoon",1857120,452500,7541.666907999923,0.3472222333333298,0.766667,0
4319703577,3,"Wednesday","Weekday","Evening",928560,204892,3414.8676319996143,0.3144445333332978,1.083333,0
4319703577,4,"Thursday","Weekday","Evening",742848,156384,2606.4007239996017,0.3000000833332875,0.75,0
4319703577,4,"Thursday","Weekday","Afternoon",1485696,310596,5176.602172000325,0.29791679166668533,0.733333,0
4319703577,4,"Thursday","Weekday","Morning",1733312,364172,6069.534540000381,0.2994048214285902,1.366667,0
4319703577,4,"Thursday","Weekday","Night",2228544,100636,1677.2669080001833,0.06435186111111814,0.883333,0
4319703577,5,"Friday","Weekday","Afternoon",1485696,312768,5212.797827999141,0.29999987499995057,0.616667,0.016667
4319703577,5,"Friday","Weekday","Evening",742848,165072,2751.2007239998775,0.3166667499999859,0.966667,0
4319703577,5,"Friday","Weekday","Morning",1733312,289600,4826.666907999869,0.23809524999999354,0.816667,0
4319703577,5,"Friday","Weekday","Night",1980928,59368,989.4690799998884,0.042708437499995186,0.366667,0
4319703577,6,"Saturday","Weekend","Morning",1733312,215028,3583.8014479998787,0.17678578571427972,0.85,0
4319703577,6,"Saturday","Weekend","Night",1980928,47060,784.3345399999918,0.033854218749999644,0.3,0
4319703577,6,"Saturday","Weekend","Afternoon",1485696,358380,5972.999999999776,0.3437499999999871,0.833333,0
4319703577,6,"Saturday","Weekend","Evening",742848,147696,2461.599999999939,0.28333333333332633,0.8,0
4388161847,0,"Sunday","Weekend","Night",3013344,22785,379.7517150000148,0.01614590625000063,0.133333,0
4388161847,0,"Sunday","Weekend","Evening",1130004,257250,4287.501224999964,0.4861112499999959,1.916667,0.066667
4388161847,0,"Sunday","Weekend","Afternoon",2260008,416745,6945.749265000479,0.39374995833336046,1.666667,0
4388161847,0,"Sunday","Weekend","Morning",2636676,317520,5292.00000000017,0.2571428571428654,1.116667,0
4388161847,1,"Monday","Weekday","Evening",1130004,205800,3430.000244999855,0.38888891666665026,1.016667,0.033333
4388161847,1,"Monday","Weekday","Afternoon",2260008,476280,7938.001469999314,0.45000008333329444,1.883333,0.066667
4388161847,1,"Monday","Weekday","Night",3013344,64680,1077.9995100001322,0.04583331250000562,0.483333,0
4388161847,1,"Monday","Weekday","Morning",2636676,250635,4177.251959999248,0.2029762857142492,0.95,0.083333
4388161847,2,"Tuesday","Weekday","Morning",3295845,391020,6516.99877499841,0.2533332857142239,1.366667,0
4388161847,2,"Tuesday","Weekday","Evening",1412505,126420,2106.9995099999164,0.19111106666665909,0.583333,0
4388161847,2,"Tuesday","Weekday","Afternoon",2825010,306495,5108.2500000004975,0.23166666666668922,0.816667,0
4388161847,2,"Tuesday","Weekday","Night",3766680,192570,3209.502449999551,0.10916674999998473,1.166667,0
4388161847,3,"Wednesday","Weekday","Evening",1412505,184485,3074.750490000084,0.27888893333334097,0.916667,0
4388161847,3,"Wednesday","Weekday","Morning",3295845,340305,5671.74950999989,0.22047617142856712,1.133333,0
4388161847,3,"Wednesday","Weekday","Night",3766680,117600,1960.000245000149,0.06666667500000507,0.816667,0
4388161847,3,"Wednesday","Weekday","Afternoon",2825010,558600,9309.999509999889,0.42222219999999494,2.016667,0
4388161847,4,"Thursday","Weekday","Morning",3295845,364560,6076.000980000041,0.23619051428571586,1.116667,0.05
4388161847,4,"Thursday","Weekday","Afternoon",2448342,393960,6565.99902000058,0.3435896923077226,1.516667,0.016667
4388161847,4,"Thursday","Weekday","Evening",1130004,114660,1910.9992650000172,0.21666658333333527,0.816667,0
4388161847,4,"Thursday","Weekday","Night",3578346,125685,2094.7522049999957,0.07500007894736826,0.916667,0
4388161847,5,"Friday","Weekday","Night",3013344,200655,3344.250734999799,0.14218753124999145,1.683333,0
4388161847,5,"Friday","Weekday","Morning",2636676,487305,8121.75147000115,0.3946429285714844,2.016667,0.066667
4388161847,5,"Friday","Weekday","Evening",1130004,166845,2780.748284999842,0.3152775833333154,1.6,0
4388161847,5,"Friday","Weekday","Afternoon",2260008,290325,4838.75196000037,0.27430566666668765,1.5,0.016667
4388161847,6,"Saturday","Weekend","Afternoon",2260008,532875,8881.250490000828,0.5034722500000469,2.566667,0
4388161847,6,"Saturday","Weekend","Night",3013344,39690,661.5007350000126,0.028125031250000536,0.266667,0
4388161847,6,"Saturday","Weekend","Morning",2636676,593880,9898.00024499947,0.4809523928571171,2.15,0
4388161847,6,"Saturday","Weekend","Evening",1130004,191835,3197.2514699996914,0.36250016666663165,1.116667,0.033333
4445114986,0,"Sunday","Weekend","Evening",812652,141855,2364.2495099996904,0.2680554999999649,0.6,0.033333
4445114986,0,"Sunday","Weekend","Afternoon",1625304,331485,5524.749510000167,0.31319441666667613,0.766667,0
4445114986,0,"Sunday","Weekend","Morning",1896188,120540,2008.9997550002015,0.0976190357142955,0.483333,0
4445114986,0,"Sunday","Weekend","Night",2167072,83790,1396.5000000000166,0.059375000000000705,0.4,0
4445114986,1,"Monday","Weekday","Afternoon",1625304,359415,5990.249264998918,0.33958329166660534,1.766667,0
4445114986,1,"Monday","Weekday","Evening",812652,167580,2793.0007350000583,0.3166667500000066,0.55,0.166667
4445114986,1,"Monday","Weekday","Morning",1896188,80115,1335.2502449999417,0.06488096428571145,0.516667,0
4445114986,1,"Monday","Weekday","Night",2167072,115395,1923.2495100004026,0.08177081250001711,0.383333,0
4445114986,2,"Tuesday","Weekday","Evening",1015815,202125,3368.74902000002,0.3055554666666685,1.633333,0.016667
4445114986,2,"Tuesday","Weekday","Morning",2370235,140385,2339.750490000621,0.09095240000002415,0.4,0
4445114986,2,"Tuesday","Weekday","Afternoon",2031630,390285,6504.749999999948,0.29499999999999765,1.816667,0.016667
4445114986,2,"Tuesday","Weekday","Night",2708840,108045,1800.7500000001028,0.061250000000003496,0.333333,0
4445114986,3,"Wednesday","Weekday","Afternoon",2031630,481425,8023.750980000846,0.3638889333333717,2.283333,0.066667
4445114986,3,"Wednesday","Weekday","Evening",1015815,149205,2486.7490199999115,0.22555546666665865,0.483333,0.05
4445114986,3,"Wednesday","Weekday","Morning",2370235,91875,1531.2512250000977,0.059523857142860945,0.283333,0
4445114986,3,"Wednesday","Weekday","Night",2708840,145530,2425.499265000256,0.0824999750000087,0.483333,0
4445114986,4,"Thursday","Weekday","Evening",812652,111720,1861.9997550001397,0.21111108333334916,0.383333,0
4445114986,4,"Thursday","Weekday","Night",2573398,135975,2266.2504900002023,0.08114036842105987,0.383333,0
4445114986,4,"Thursday","Weekday","Afternoon",1760746,348390,5806.500734999745,0.30384619230767895,0.566667,0.033333
4445114986,4,"Thursday","Weekday","Morning",2370235,91875,1531.2512249998135,0.05952385714284989,0.35,0
4445114986,5,"Friday","Weekday","Evening",812652,167580,2793.000734999941,0.3166667499999933,0.65,0.016667
4445114986,5,"Friday","Weekday","Night",2167072,160230,2670.5012249994616,0.11354171874997711,0.466667,0
4445114986,5,"Friday","Weekday","Afternoon",1625304,352800,5880.000000000544,0.3333333333333642,0.633333,0.116667
4445114986,5,"Friday","Weekday","Morning",1896188,144060,2401.0017150000845,0.11666675000000411,0.616667,0
4445114986,6,"Saturday","Weekend","Morning",1896188,183015,3050.24999999986,0.14821428571427891,1.533333,0
4445114986,6,"Saturday","Weekend","Night",2167072,116130,1935.5004899999929,0.0822916874999997,0.6,0
4445114986,6,"Saturday","Weekend","Afternoon",1625304,233730,3895.5007350000133,0.22083337500000075,0.683333,0
4445114986,6,"Saturday","Weekend","Evening",812652,135975,2266.2497549999816,0.25694441666666457,0.55,0.05
4558609924,0,"Sunday","Weekend","Night",2017472,39744,662.4000000000257,0.02812500000000109,0.366667,0
4558609924,0,"Sunday","Weekend","Morning",1765288,312800,5213.333823999392,0.2529762142856848,1.133333,0
4558609924,0,"Sunday","Weekend","Evening",756552,200192,3336.533088000126,0.3777777500000143,1.6,0.033333
4558609924,0,"Sunday","Weekend","Afternoon",1513104,517408,8623.46691200013,0.48819445833334074,1.866667,0.033333
4558609924,1,"Monday","Weekday","Afternoon",1513104,557888,9298.133087999538,0.5263888749999739,1.533333,0.116667
4558609924,1,"Monday","Weekday","Night",2017472,39744,662.3985279999828,0.02812493749999927,0.333333,0
4558609924,1,"Monday","Weekday","Evening",756552,223008,3716.801471999592,0.42083349999995384,0.666667,0.1
4558609924,1,"Monday","Weekday","Morning",1765288,369472,6157.866176001191,0.2988095000000578,0.75,0
4558609924,2,"Tuesday","Weekday","Night",2521840,96416,1606.9345599999947,0.05458337499999982,0.55,0
4558609924,2,"Tuesday","Weekday","Morning",2206610,259808,4330.133824000107,0.1680952571428613,0.55,0
4558609924,2,"Tuesday","Weekday","Afternoon",1891380,596896,9948.268384000345,0.45055563333334897,1.683333,0.016667
4558609924,2,"Tuesday","Weekday","Evening",945690,222272,3704.533088000196,0.3355555333333511,1.483333,0.066667
4558609924,3,"Wednesday","Weekday","Afternoon",1891380,571872,9531.199263999166,0.4316666333332956,1.716667,0.05
4558609924,3,"Wednesday","Weekday","Night",2521840,90528,1508.7999999998735,0.0512499999999957,0.35,0
4558609924,3,"Wednesday","Weekday","Evening",945690,209760,3496.0000000001196,0.3166666666666775,0.683333,0
4558609924,3,"Wednesday","Weekday","Morning",2206610,225216,3753.600000000057,0.14571428571428793,0.566667,0
4558609924,4,"Thursday","Weekday","Morning",2206610,596896,9948.267647998538,0.38619051428565754,1.216667,0
4558609924,4,"Thursday","Weekday","Evening",756552,165600,2760.0000000001314,0.3125000000000149,0.533333,0.133333
4558609924,4,"Thursday","Weekday","Night",2395748,35328,588.8007359999722,0.021052657894735847,0.266667,0
4558609924,4,"Thursday","Weekday","Afternoon",1702242,543904,9065.066911999967,0.4561728518518502,0.816667,0.1
4558609924,5,"Friday","Weekday","Morning",1765288,241408,4023.4676480002236,0.1952381428571537,0.516667,0
4558609924,5,"Friday","Weekday","Evening",756552,131744,2195.7330879998035,0.24861108333331108,0.55,0.016667
4558609924,5,"Friday","Weekday","Night",2017472,47840,797.3338239999446,0.03385418749999765,0.433333,0
4558609924,5,"Friday","Weekday","Afternoon",1513104,504896,8414.933087998133,0.47638887499989435,2.05,0.05
4558609924,6,"Saturday","Weekend","Afternoon",1513104,549792,9163.201471999562,0.5187500833333085,1.9,0.1
4558609924,6,"Saturday","Weekend","Night",2017472,73600,1226.6669120000777,0.0520833437500033,0.483333,0
4558609924,6,"Saturday","Weekend","Evening",756552,164128,2735.466912000189,0.3097222500000214,1,0.016667
4558609924,6,"Saturday","Weekend","Morning",1765288,239200,3986.666911999758,0.19345239285713112,0.533333,0
4702921684,0,"Sunday","Weekend","Afternoon",2205384,557753,9295.884308000112,0.529861166666673,1.983333,0
4702921684,0,"Sunday","Weekend","Evening",1102692,116960,1949.3328459999834,0.22222216666666478,0.65,0
4702921684,0,"Sunday","Weekend","Night",2940512,10234,170.56715399999837,0.00729168749999993,0.15,0
4702921684,0,"Sunday","Weekend","Morning",2572948,378658,6310.967154000126,0.3083333571428633,1.6,0
4702921684,1,"Monday","Weekday","Night",2940512,43860,731.0000000000158,0.03125000000000067,0.366667,0
4702921684,1,"Monday","Weekday","Afternoon",2205384,309213,5153.550730998753,0.29375004166659563,1.2,0.1
4702921684,1,"Monday","Weekday","Evening",1102692,339915,5665.249268999891,0.6458332499999876,1.1,0.283333
4702921684,1,"Monday","Weekday","Morning",2572948,185674,3094.5656919998546,0.15119042857142148,0.616667,0
4702921684,2,"Tuesday","Weekday","Morning",3216185,345032,5750.532845998768,0.22476188571423755,0.8,0
4702921684,2,"Tuesday","Weekday","Evening",1378365,325295,5421.582845999782,0.49444439999998013,1.133333,0.05
4702921684,2,"Tuesday","Weekday","Afternoon",2756730,279242,4654.033577000039,0.21222223333333512,0.616667,0.016667
4702921684,2,"Tuesday","Weekday","Night",3675640,55556,925.9328460000418,0.03166665000000143,0.3,0
4702921684,3,"Wednesday","Weekday","Morning",3216185,314330,5238.8328460006,0.20476188571430914,0.733333,0
4702921684,3,"Wednesday","Weekday","Evening",1378365,352342,5872.367153999932,0.5355555999999938,0.966667,0.216667
4702921684,3,"Wednesday","Weekday","Afternoon",2756730,345032,5750.533576999841,0.26222223333332606,1.366667,0
4702921684,3,"Wednesday","Weekday","Night",3675640,81141,1352.3492689998964,0.04624997499999645,0.55,0
4702921684,4,"Thursday","Weekday","Morning",3032403,323833,5397.2164229990585,0.2237373636363246,0.783333,0
4702921684,4,"Thursday","Weekday","Afternoon",2205384,247809,4130.152193000299,0.23541679166668372,0.766667,0
4702921684,4,"Thursday","Weekday","Night",3491858,37281,621.3514619999434,0.02236847368420849,0.283333,0
4702921684,4,"Thursday","Weekday","Evening",1102692,227341,3789.0164229998436,0.43194441666664884,1.133333,0
4702921684,5,"Friday","Weekday","Afternoon",2205384,232458,3874.301461999813,0.220833416666656,0.65,0
4702921684,5,"Friday","Weekday","Night",2940512,42398,706.6335769999548,0.03020834374999807,0.333333,0
4702921684,5,"Friday","Weekday","Evening",1102692,215645,3594.082115000103,0.4097220833333451,0.766667,0
4702921684,5,"Friday","Weekday","Morning",2572948,189329,3155.4821150004955,0.15416660714288136,0.583333,0
4702921684,6,"Saturday","Weekend","Night",2940512,19006,316.7671539999726,0.013541687499998829,0.316667,0
4702921684,6,"Saturday","Weekend","Evening",1102692,204680,3411.33284600034,0.3888888333333721,0.833333,0
4702921684,6,"Saturday","Weekend","Afternoon",2205384,534361,8906.017153999923,0.5076389166666623,0.9,0
4702921684,6,"Saturday","Weekend","Morning",2572948,595765,9929.417154000495,0.4851190714285956,1.266667,0
5553957443,0,"Sunday","Weekend","Night",1860288,56210,936.8338199999707,0.04010418749999875,0.316667,0
5553957443,0,"Sunday","Weekend","Morning",1627752,151840,2530.666179999979,0.12380949999999896,0.666667,0
5553957443,0,"Sunday","Weekend","Evening",697608,107310,1788.499270000089,0.20416658333334348,0.616667,0
5553957443,0,"Sunday","Weekend","Afternoon",1395216,138700,2311.6654499998776,0.131944374999993,0.45,0
5553957443,1,"Monday","Weekday","Morning",1627752,303680,5061.332360001257,0.2476190000000615,1,0.016667
5553957443,1,"Monday","Weekday","Afternoon",1395216,521220,8687.001460000174,0.49583341666667663,1.75,0
5553957443,1,"Monday","Weekday","Night",1860288,21900,365.0014600000119,0.01562506250000051,0.15,0
5553957443,1,"Monday","Weekday","Evening",697608,151840,2530.6661799998315,0.2888888333333141,0.85,0
5553957443,2,"Tuesday","Weekday","Night",2325360,146730,2445.5014600001105,0.08375005000000378,0.583333,0
5553957443,2,"Tuesday","Weekday","Morning",2034690,652620,10876.999270001681,0.42571425714292294,1.716667,0
5553957443,2,"Tuesday","Weekday","Evening",872010,230680,3844.6661799999706,0.351111066666664,0.7,0.116667
5553957443,2,"Tuesday","Weekday","Afternoon",1744020,559180,9319.66691000014,0.42555556666667305,1.766667,0
5553957443,3,"Wednesday","Weekday","Morning",2034690,197830,3297.166180000001,0.12904760000000004,0.633333,0
5553957443,3,"Wednesday","Weekday","Evening",872010,191990,3199.8345499997013,0.29222233333330605,0.65,0.016667
5553957443,3,"Wednesday","Weekday","Afternoon",1744020,344560,5742.666910000985,0.2622222333333783,1.533333,0.016667
5553957443,3,"Wednesday","Weekday","Night",2325360,53290,888.1683699999231,0.03041672499999737,0.3,0
5553957443,4,"Thursday","Weekday","Evening",697608,181770,3029.5021900000165,0.3458335833333352,0.716667,0.016667
5553957443,4,"Thursday","Weekday","Morning",1860288,364270,6071.166910000415,0.25989584375001773,0.9,0
5553957443,4,"Thursday","Weekday","Night",2209092,76650,1277.501460000157,0.04605268421053198,0.366667,0
5553957443,4,"Thursday","Weekday","Afternoon",1395216,673790,11229.833090000935,0.6409722083333868,2.4,0
5553957443,5,"Friday","Weekday","Evening",697608,120450,2007.5000000001,0.2291666666666781,0.516667,0
5553957443,5,"Friday","Weekday","Afternoon",1395216,473770,7896.165449999893,0.4506943749999939,1.4,0
5553957443,5,"Friday","Weekday","Night",1860288,78840,1314.0014600000416,0.05625006250000178,0.366667,0
5553957443,5,"Friday","Weekday","Morning",1627752,505160,8419.332359999458,0.41190471428568776,1.783333,0
5553957443,6,"Saturday","Weekend","Evening",697608,146730,2445.500729999881,0.2791667499999864,0.516667,0.05
5553957443,6,"Saturday","Weekend","Night",1860288,119720,1995.3345499999991,0.08541671874999997,0.533333,0
5553957443,6,"Saturday","Weekend","Afternoon",1395216,221190,3686.4999999996244,0.2104166666666452,0.683333,0
5553957443,6,"Saturday","Weekend","Morning",1627752,52560,876.0007299999615,0.04285717857142669,0.35,0
5577150313,0,"Sunday","Weekend","Afternoon",2419584,627996,10466.599056000377,0.6159721666666889,2.65,0
5577150313,0,"Sunday","Weekend","Morning",2822848,1033680,17227.99976399658,0.8690476071426847,2.883333,0
5577150313,0,"Sunday","Weekend","Evening",1209792,190452,3174.1990560001673,0.3736110000000197,1.633333,0
5577150313,0,"Sunday","Weekend","Night",3226112,15576,259.6009440000096,0.011458375000000423,0.066667,0
5577150313,1,"Monday","Weekday","Morning",2822848,657732,10962.201887999494,0.5529762857142602,2.866667,0
5577150313,1,"Monday","Weekday","Afternoon",2419584,252048,4200.800471999546,0.24722224999997328,0.8,0.016667
5577150313,1,"Monday","Weekday","Night",3226112,20532,342.20047200003114,0.015104187500001375,0.116667,0
5577150313,1,"Monday","Weekday","Evening",1209792,194700,3245.000472000203,0.3819445000000239,1.133333,0.05
5577150313,2,"Tuesday","Weekday","Night",4032640,232224,3870.4009439997435,0.13666669999999095,1.133333,0
5577150313,2,"Tuesday","Weekday","Morning",3528560,820572,13676.199527999215,0.5519047428571112,2.166667,0.016667
5577150313,2,"Tuesday","Weekday","Afternoon",3024480,342672,5711.200944000518,0.2688889333333577,1.35,0
5577150313,2,"Tuesday","Weekday","Evening",1512240,281784,4696.399763999777,0.44222219999997897,1.75,0.016667
5577150313,3,"Wednesday","Weekday","Night",3831008,99120,1652.00118000018,0.06140355263158564,0.55,0
5577150313,3,"Wednesday","Weekday","Evening",1209792,176292,2938.1992920001926,0.3458332500000227,1.616667,0
5577150313,3,"Wednesday","Weekday","Afternoon",2419584,130980,2183.00047200007,0.12847225000000412,0.5,0
5577150313,3,"Wednesday","Weekday","Morning",3427744,647112,10785.199763999566,0.4480392058823349,2.116667,0
5577150313,4,"Thursday","Weekday","Evening",1209792,261960,4365.999527999886,0.5138888333333199,1.366667,0.016667
5577150313,4,"Thursday","Weekday","Night",3226112,48852,814.2014160000167,0.035937562500000735,0.383333,0
5577150313,4,"Thursday","Weekday","Morning",2822848,625872,10431.200472002587,0.5261905000001305,2.566667,0
5577150313,4,"Thursday","Weekday","Afternoon",2419584,552240,9203.999291999495,0.5416666249999703,2.233333,0.016667
5577150313,5,"Friday","Weekday","Night",3226112,78588,1309.8007080001169,0.057812531250005156,0.666667,0
5577150313,5,"Friday","Weekday","Evening",1209792,343380,5723.000471999895,0.6736111666666543,2.15,0
5577150313,5,"Friday","Weekday","Morning",2822848,676140,11269.000236001275,0.5684523928572072,2.1,0.016667
5577150313,5,"Friday","Weekday","Afternoon",2419584,218772,3646.1992920001894,0.2145832916666778,1.183333,0
5577150313,6,"Saturday","Weekend","Morning",2822848,598260,9971.000472001406,0.5029762142857852,2.666667,0
5577150313,6,"Saturday","Weekend","Afternoon",2419584,659856,10997.597640001599,0.6472220833334275,3,0
5577150313,6,"Saturday","Weekend","Evening",1209792,166380,2772.9995280000235,0.32638883333333607,2.016667,0
5577150313,6,"Saturday","Weekend","Night",3226112,19116,318.60212400004207,0.014062593750001857,0.116667,0
6117666160,0,"Sunday","Weekend","Afternoon",1453392,463320,7722.000659999599,0.48750004166664135,0.783333,0
6117666160,0,"Sunday","Weekend","Evening",726696,49500,825.0006599999723,0.1041667499999965,0.516667,0
6117666160,0,"Sunday","Weekend","Morning",1695624,307560,5126.0002199994815,0.2773809642856862,0.833333,0
6117666160,0,"Sunday","Weekend","Night",1937856,96360,1606.0011000003244,0.07604171875001536,0.383333,0
6117666160,1,"Monday","Weekday","Morning",1635066,232320,3872.000219999843,0.21728396296295416,0.8,0
6117666160,1,"Monday","Weekday","Night",1816740,88440,1474.000440000094,0.07444446666667141,0.683333,0
6117666160,1,"Monday","Weekday","Evening",545022,26400,440.0002200000088,0.0740741111111126,0.55,0
6117666160,1,"Monday","Weekday","Afternoon",1090044,69300,1155.000000000006,0.09722222222222272,0.466667,0
6117666160,2,"Tuesday","Weekday","Morning",1695624,136620,2277.0000000000123,0.12321428571428637,0.7,0
6117666160,2,"Tuesday","Weekday","Night",1937856,30360,506.00021999997915,0.023958343749999014,0.216667,0
6117666160,2,"Tuesday","Weekday","Afternoon",1453392,282480,4707.99977999992,0.2972222083333283,0.75,0
6117666160,2,"Tuesday","Weekday","Evening",726696,108900,1814.9993400000487,0.22916658333333947,0.833333,0
6117666160,3,"Wednesday","Weekday","Afternoon",1453392,343200,5720.000219999757,0.36111112499998466,1.183333,0
6117666160,3,"Wednesday","Weekday","Morning",1695624,163020,2716.9995600000184,0.1470237857142867,0.65,0
6117666160,3,"Wednesday","Weekday","Evening",726696,160380,2673.0006599998915,0.33750008333331966,0.8,0
6117666160,3,"Wednesday","Weekday","Night",1937856,33660,561.0006600000336,0.02656253125000159,0.233333,0
6117666160,4,"Thursday","Weekday","Afternoon",1453392,283140,4718.999999999741,0.2979166666666503,1.016667,0
6117666160,4,"Thursday","Weekday","Morning",1695624,251460,4191.000000000073,0.22678571428571823,0.983333,0
6117666160,4,"Thursday","Weekday","Evening",726696,85800,1430.0002199998723,0.18055558333331723,0.65,0
6117666160,4,"Thursday","Weekday","Night",1937856,34980,583.0004400000306,0.02760418750000145,0.533333,0
6117666160,5,"Friday","Weekday","Afternoon",1453392,532620,8877.000000000131,0.5604166666666749,0.916667,0
6117666160,5,"Friday","Weekday","Evening",726696,239580,3992.999340000283,0.5041665833333691,0.933333,0.066667
6117666160,5,"Friday","Weekday","Morning",1695624,184140,3069.0000000000086,0.16607142857142904,0.85,0
6117666160,5,"Friday","Weekday","Night",1937856,47520,791.9993399999224,0.037499968749996324,0.366667,0
6117666160,6,"Saturday","Weekend","Morning",1695624,459360,7656.000660000403,0.41428575000002177,0.866667,0
6117666160,6,"Saturday","Weekend","Afternoon",1453392,525360,8755.999560000291,0.5527777500000184,0.833333,0.2
6117666160,6,"Saturday","Weekend","Night",1937856,86460,1441.0004400000444,0.0682291875000021,0.633333,0
6117666160,6,"Saturday","Weekend","Evening",726696,140580,2343.000659999852,0.295833416666648,0.766667,0.016667
6290855005,0,"Sunday","Weekend","Night",2412064,0,0,0,0,0
6290855005,0,"Sunday","Weekend","Evening",904524,133665,2227.7493350001228,0.2791665833333487,1.7,0
6290855005,0,"Sunday","Weekend","Afternoon",1809048,334495,5574.915114999757,0.3493054583333181,0.933333,0.1
6290855005,0,"Sunday","Weekend","Morning",2110556,427595,7126.583554999117,0.3827381071428097,1.516667,0
6290855005,1,"Monday","Weekday","Afternoon",1658294,258020,4300.331559999938,0.2939392727272685,0.6,0
6290855005,1,"Monday","Weekday","Morning",2110556,456190,7603.167110000265,0.4083333571428714,0.866667,0.183333
6290855005,1,"Monday","Weekday","Night",2261310,665,11.083554999999993,0.0005555666666666664,0.016667,0
6290855005,1,"Monday","Weekday","Evening",678393,0,0,0,0,0
6290855005,2,"Tuesday","Weekday","Afternoon",1809048,198835,3313.9164449999967,0.20763887499999978,0.683333,0
6290855005,2,"Tuesday","Weekday","Morning",2110556,296590,4943.166445000496,0.2654761785714552,0.633333,0
6290855005,2,"Tuesday","Weekday","Evening",904524,9975,166.249999999998,0.020833333333333082,0.183333,0
6290855005,2,"Tuesday","Weekday","Night",2412064,0,0,0,0,0
6290855005,3,"Wednesday","Weekday","Morning",2110556,415625,6927.082889999483,0.3720237857142579,0.633333,0.083333
6290855005,3,"Wednesday","Weekday","Afternoon",1809048,344470,5741.167109999899,0.3597222499999937,0.533333,0
6290855005,3,"Wednesday","Weekday","Evening",904524,15960,266.00000000000176,0.033333333333333555,0.183333,0
6290855005,3,"Wednesday","Weekday","Night",2412064,0,0,0,0,0
6290855005,4,"Thursday","Weekday","Evening",904524,30590,509.8335550000082,0.0638889166666677,0.35,0
6290855005,4,"Thursday","Weekday","Night",2412064,13965,232.75000000000477,0.010937500000000225,0.2,0
6290855005,4,"Thursday","Weekday","Afternoon",1809048,222775,3712.915115000031,0.23263879166666862,0.666667,0
6290855005,4,"Thursday","Weekday","Morning",2110556,302575,5042.915115001015,0.2708332500000545,0.6,0
6290855005,5,"Friday","Weekday","Evening",904524,62510,1041.8335550000638,0.13055558333334133,0.566667,0
6290855005,5,"Friday","Weekday","Afternoon",1809048,245385,4089.7486699999367,0.2562499166666627,0.55,0
6290855005,5,"Friday","Weekday","Morning",2110556,289940,4832.334220000293,0.25952385714287285,0.55,0
6290855005,5,"Friday","Weekday","Night",2412064,23940,399.0000000000035,0.018750000000000166,0.283333,0
6290855005,6,"Saturday","Weekend","Night",2412064,0,0,0,0,0
6290855005,6,"Saturday","Weekend","Morning",2110556,321860,5364.333554999733,0.28809524999998565,1.2,0
6290855005,6,"Saturday","Weekend","Evening",904524,7980,132.99999999999562,0.016666666666666118,0.133333,0
6290855005,6,"Saturday","Weekend","Afternoon",1809048,273980,4566.332890000025,0.2861110833333349,0.683333,0
6775888955,0,"Sunday","Weekend","Evening",499959,0,0,0,0,0
6775888955,0,"Sunday","Weekend","Afternoon",999918,86010,1433.4999999999502,0.130555555555551,0.866667,0
6775888955,0,"Sunday","Weekend","Morning",1166571,83570,1392.8325200000484,0.10873009523809901,1.233333,0
6775888955,0,"Sunday","Weekend","Night",1333224,17690,294.8331299999984,0.02013887499999989,0.483333,0
6775888955,1,"Monday","Weekday","Evening",499959,0,0,0,0,0
6775888955,1,"Monday","Weekday","Afternoon",999918,93940,1565.667480000082,0.14259266666667414,0.966667,0
6775888955,1,"Monday","Weekday","Night",1333224,0,0,0,0,0
6775888955,1,"Monday","Weekday","Morning",1166571,220210,3670.1662599999463,0.2865079047619006,1.383333,0
6775888955,2,"Tuesday","Weekday","Morning",1555428,71370,1189.500610000025,0.06964289285714433,1.316667,0
6775888955,2,"Tuesday","Weekday","Afternoon",1333224,11590,193.16686999999834,0.01319445833333322,0.316667,0
6775888955,2,"Tuesday","Weekday","Evening",666612,16470,274.4999999999969,0.037499999999999575,0.45,0
6775888955,2,"Tuesday","Weekday","Night",1777632,43310,721.8337399999865,0.03697918749999931,1.166667,0
6775888955,3,"Wednesday","Weekday","Afternoon",1333224,161040,2684.0006100000196,0.18333337500000135,1.516667,0
6775888955,3,"Wednesday","Weekday","Evening",666612,35380,589.6662599999883,0.08055549999999839,0.683333,0
6775888955,3,"Wednesday","Weekday","Morning",1555428,240950,4015.8331299998417,0.23511903571427645,1.4,0
6775888955,3,"Wednesday","Weekday","Night",1777632,42090,701.5000000000329,0.03593750000000168,0.683333,0
6775888955,4,"Thursday","Weekday","Morning",1555428,47580,792.9999999999616,0.04642857142856918,0.616667,0
6775888955,4,"Thursday","Weekday","Evening",666612,50630,843.8331300000267,0.11527775000000365,0.933333,0
6775888955,4,"Thursday","Weekday","Afternoon",1333224,28670,477.83312999999526,0.03263887499999968,0.7,0
6775888955,4,"Thursday","Weekday","Night",1777632,20740,345.66747999999825,0.01770837499999991,0.316667,0
6775888955,5,"Friday","Weekday","Afternoon",1333224,20130,335.5000000000038,0.022916666666666925,0.55,0
6775888955,5,"Friday","Weekday","Night",1777632,29890,498.1674799999844,0.0255208749999992,0.466667,0
6775888955,5,"Friday","Weekday","Morning",1555428,46360,772.6668699999802,0.045238107142855984,0.466667,0
6775888955,5,"Friday","Weekday","Evening",666612,61610,1026.8331299999772,0.1402777499999969,0.683333,0
6775888955,6,"Saturday","Weekend","Evening",499959,64660,1077.6668700000166,0.19629633333333635,0.7,0
6775888955,6,"Saturday","Weekend","Morning",1388775,25010,416.83373999999424,0.027333359999999623,0.416667,0
6775888955,6,"Saturday","Weekend","Night",1666530,40260,670.9993900000208,0.03666663333333447,0.433333,0
6775888955,6,"Saturday","Weekend","Afternoon",999918,68320,1138.6668700000037,0.10370372222222256,1.866667,0
6962181067,0,"Sunday","Weekend","Morning",1720908,271572,4526.1997559995525,0.22083332142854958,0.55,0
6962181067,0,"Sunday","Weekend","Night",1966752,16104,268.40170800003693,0.011458406250001578,0.066667,0
6962181067,0,"Sunday","Weekend","Afternoon",1475064,325740,5429.000244001367,0.3090277916667445,1.033333,0.016667
6962181067,0,"Sunday","Weekend","Evening",737532,66612,1110.1995120001852,0.12638883333335443,0.466667,0
6962181067,1,"Monday","Weekday","Afternoon",1475064,344772,5746.199999999327,0.32708333333329503,1.183333,0
6962181067,1,"Monday","Weekday","Night",1966752,31476,524.6002439999935,0.02239584374999972,0.2,0
6962181067,1,"Monday","Weekday","Evening",737532,142008,2366.799756000213,0.26944441666669094,1.333333,0
6962181067,1,"Monday","Weekday","Morning",1720908,694668,11577.80170800085,0.5648810357143272,2.116667,0
6962181067,2,"Tuesday","Weekday","Afternoon",1843830,421632,7027.198536000727,0.3199999333333664,0.9,0.033333
6962181067,2,"Tuesday","Weekday","Morning",2151135,937692,15628.200731996953,0.6100000285713096,2.316667,0
6962181067,2,"Tuesday","Weekday","Night",2458440,21960,366.00000000002746,0.012500000000000937,0.05,0
6962181067,2,"Tuesday","Weekday","Evening",921915,123708,2061.7980479999464,0.18777759999999513,0.933333,0
6962181067,3,"Wednesday","Weekday","Night",2458440,41724,695.4007319998877,0.023750024999996167,0.183333,0
6962181067,3,"Wednesday","Weekday","Afternoon",1843830,357216,5953.599756000515,0.2711111000000235,0.916667,0
6962181067,3,"Wednesday","Weekday","Evening",921915,165432,2757.2009760001156,0.2511112000000105,0.616667,0.033333
6962181067,3,"Wednesday","Weekday","Morning",2151135,698328,11638.798535999775,0.45428565714284835,1.733333,0
6962181067,4,"Thursday","Weekday","Evening",737532,119316,1988.6009760000425,0.22638900000000484,1.716667,0
6962181067,4,"Thursday","Weekday","Night",2335518,15372,256.2007320000387,0.00921055263158034,0.133333,0
6962181067,4,"Thursday","Weekday","Afternoon",1475064,265716,4428.600731999923,0.2520833749999956,0.916667,0.016667
6962181067,4,"Thursday","Weekday","Morning",2089674,655872,10931.200487999642,0.43921570588233855,2.066667,0
6962181067,5,"Friday","Weekday","Evening",737532,89304,1488.4012200000332,0.16944458333333712,0.466667,0
6962181067,5,"Friday","Weekday","Night",1966752,43920,732.0000000000209,0.031250000000000895,0.55,0
6962181067,5,"Friday","Weekday","Morning",1720908,596580,9942.999023999588,0.48511899999997987,1.683333,0
6962181067,5,"Friday","Weekday","Afternoon",1475064,256200,4270.000487999476,0.2430555833333035,0.55,0
6962181067,6,"Saturday","Weekend","Morning",1720908,575352,9589.202196000073,0.46785725000000356,2.65,0
6962181067,6,"Saturday","Weekend","Evening",737532,199836,3330.5992679999586,0.3791665833333286,0.683333,0
6962181067,6,"Saturday","Weekend","Afternoon",1475064,416508,6941.799755999679,0.39513887499998174,1.583333,0
6962181067,6,"Saturday","Weekend","Night",1966752,76128,1268.8004879999762,0.054166687499998985,0.333333,0
7007744171,0,"Sunday","Weekend","Evening",595161,22237,370.61686699999194,0.06851855555555407,0.283333,0
7007744171,0,"Sunday","Weekend","Morning",1388709,318530,5308.833132999788,0.420634904761888,0.9,0
7007744171,0,"Sunday","Weekend","Night",1587096,0,0,0,0,0
7007744171,0,"Sunday","Weekend","Afternoon",1190322,236794,3946.5674679999734,0.3648148888888864,0.9,0
7007744171,1,"Monday","Weekday","Night",1587096,1803,30.050000000000292,0.0020833333333333537,0.05,0
7007744171,1,"Monday","Weekday","Morning",1388709,716392,11939.866265998562,0.9460317142856004,2.616667,0.15
7007744171,1,"Monday","Weekday","Afternoon",1190322,170083,2834.7162660000286,0.26203700000000263,0.633333,0.016667
7007744171,1,"Monday","Weekday","Evening",595161,37262,621.0337339999397,0.11481488888887774,0.466667,0
7007744171,2,"Tuesday","Weekday","Night",2116128,24040,400.66626600001314,0.020833312500000683,0.633333,0
7007744171,2,"Tuesday","Weekday","Afternoon",1587096,358196,5969.933734000469,0.41388891666669914,1.083333,0
7007744171,2,"Tuesday","Weekday","Evening",793548,79332,1322.1993990000146,0.18333325000000203,0.55,0
7007744171,2,"Tuesday","Weekday","Morning",1851612,805941,13432.350000000511,0.7982142857143161,2.6,0.066667
7007744171,3,"Wednesday","Weekday","Evening",793548,64307,1071.7831329999651,0.1486110833333285,0.783333,0
7007744171,3,"Wednesday","Weekday","Afternoon",1587096,248213,4136.88253199982,0.2868054999999875,0.75,0
7007744171,3,"Wednesday","Weekday","Morning",1851612,634656,10577.598798000574,0.6285713571428913,2.9,0
7007744171,3,"Wednesday","Weekday","Night",2116128,601,10.016866999999994,0.0005208437499999997,0.016667,0
7007744171,4,"Thursday","Weekday","Night",2116128,0,0,0,0,0
7007744171,4,"Thursday","Weekday","Evening",793548,88948,1482.4662660000413,0.20555550000000572,0.866667,0
7007744171,4,"Thursday","Weekday","Morning",1851612,787911,13131.848797998928,0.7803570714285077,2.283333,0.133333
7007744171,4,"Thursday","Weekday","Afternoon",1587096,268647,4477.450000000137,0.31041666666667617,0.766667,0.05
7007744171,5,"Friday","Weekday","Afternoon",1587096,281268,4687.801201999934,0.32500008333332875,1.016667,0.016667
7007744171,5,"Friday","Weekday","Morning",1851612,641868,10697.79939899982,0.6357142499999893,2.666667,0.05
7007744171,5,"Friday","Weekday","Night",2116128,601,10.016866999999994,0.0005208437499999997,0.016667,0
7007744171,5,"Friday","Weekday","Evening",793548,152654,2544.233733999902,0.35277783333331975,1.45,0
7007744171,6,"Saturday","Weekend","Night",1653225,1202,20.03313300000002,0.0013333200000000013,0.033333,0
7007744171,6,"Saturday","Weekend","Evening",595161,31853,530.8831330000244,0.09814811111111561,0.3,0
7007744171,6,"Saturday","Weekend","Morning",1388709,264440,4407.333133000244,0.34920633333335266,1.2,0
7007744171,6,"Saturday","Weekend","Afternoon",1190322,112387,1873.1156650000391,0.17314805555555918,0.733333,0
7086361926,0,"Sunday","Weekend","Morning",2221548,178852,2980.866177999657,0.14523807142855472,1.25,0
7086361926,0,"Sunday","Weekend","Night",2538912,34451,574.1838220000478,0.02447918750000204,0.2,0
7086361926,0,"Sunday","Weekend","Afternoon",1904184,281472,4691.200000000044,0.2666666666666692,1.333333,0
7086361926,0,"Sunday","Weekend","Evening",952092,91625,1527.0838219999753,0.17361116666666385,0.566667,0
7086361926,1,"Monday","Weekday","Evening",952092,74033,1233.883088999984,0.14027774999999817,0.583333,0
7086361926,1,"Monday","Weekday","Night",2538912,9529,158.8169110000043,0.006770843750000183,0.133333,0
7086361926,1,"Monday","Weekday","Afternoon",1904184,945570,15759.49999999982,0.895833333333323,2.45,0
7086361926,1,"Monday","Weekday","Morning",2221548,197910,3298.499267000669,0.1607142500000326,1.633333,0
7086361926,2,"Tuesday","Weekday","Afternoon",2380230,1157407,19290.11691100113,0.8772222333333847,2.633333,0
7086361926,2,"Tuesday","Weekday","Night",3173640,28587,476.45146600004057,0.016250050000001383,0.216667,0
7086361926,2,"Tuesday","Weekday","Morning",2776935,141469,2357.817643999757,0.09190479999999053,0.366667,0
7086361926,2,"Tuesday","Weekday","Evening",1190115,120945,2015.750000000161,0.18333333333334798,1.383333,0
7086361926,3,"Wednesday","Weekday","Morning",2776935,134872,2247.8661780001194,0.08761902857143322,0.333333,0
7086361926,3,"Wednesday","Weekday","Afternoon",2380230,1005676,16761.267643999818,0.7622222666666584,2.766667,0
7086361926,3,"Wednesday","Weekday","Night",3173640,27854,464.234554999973,0.01583337499999908,0.166667,0
7086361926,3,"Wednesday","Weekday","Evening",1190115,97489,1624.8161779998204,0.147777733333317,0.3,0
7086361926,4,"Thursday","Weekday","Night",3014958,88693,1478.217643999939,0.053070210526313596,0.516667,0
7086361926,4,"Thursday","Weekday","Morning",2776935,161260,2687.6676439999483,0.10476194285714084,0.35,0
7086361926,4,"Thursday","Weekday","Afternoon",1904184,639176,10652.93455499993,0.605555624999996,2.233333,0.016667
7086361926,4,"Thursday","Weekday","Evening",952092,87960,1465.9999999999648,0.16666666666666266,0.433333,0.016667
7086361926,5,"Friday","Weekday","Night",2538912,38116,635.2676440000107,0.027083375000000458,0.4,0
7086361926,5,"Friday","Weekday","Morning",2221548,189114,3151.899266999859,0.15357139285713597,0.566667,0
7086361926,5,"Friday","Weekday","Afternoon",1904184,748393,12473.216910999106,0.7090277916666159,2.5,0
7086361926,5,"Friday","Weekday","Evening",952092,137071,2284.5176439999373,0.2597223333333262,1.016667,0
7086361926,6,"Saturday","Weekend","Evening",952092,104819,1746.9830890000496,0.198611083333339,0.566667,0
7086361926,6,"Saturday","Weekend","Night",2538912,90892,1514.865445000165,0.06458328125000704,0.9,0
7086361926,6,"Saturday","Weekend","Afternoon",1904184,292467,4874.449267000438,0.2770832916666916,1.183333,0
7086361926,6,"Saturday","Weekend","Morning",2221548,181784,3029.7338220000697,0.14761907142857483,1.716667,0
8053475328,0,"Sunday","Weekend","Morning",2556680,12495,208.24975499999638,0.010119035714285539,0.15,0
8053475328,0,"Sunday","Weekend","Evening",1095720,468930,7815.499754999518,0.8861110833332787,2.95,0
8053475328,0,"Sunday","Weekend","Afternoon",2191440,740145,12335.750490001261,0.6993055833334049,2.333333,0
8053475328,0,"Sunday","Weekend","Night",2921920,165375,2756.2492650000095,0.1171874687500004,1.583333,0
8053475328,1,"Monday","Weekday","Morning",2556680,105105,1751.7497549998607,0.08511903571427894,0.666667,0
8053475328,1,"Monday","Weekday","Evening",1095720,335895,5598.248775000896,0.6347220833334349,2.1,0.016667
8053475328,1,"Monday","Weekday","Afternoon",2191440,557865,9297.750734999483,0.5270833749999707,2.25,0
8053475328,1,"Monday","Weekday","Night",2921920,147000,2450.0012249996685,0.1041667187499859,1.633333,0
8053475328,2,"Tuesday","Weekday","Morning",3195850,94080,1568.0004900001159,0.06095240000000451,0.6,0
8053475328,2,"Tuesday","Weekday","Evening",1369650,465990,7766.500244999663,0.7044444666666361,2.65,0.016667
8053475328,2,"Tuesday","Weekday","Afternoon",2739300,918750,15312.501224999018,0.6944444999999555,2.083333,0
8053475328,2,"Tuesday","Weekday","Night",3652400,177870,2964.5004899997307,0.10083334999999084,1.5,0
8053475328,3,"Wednesday","Weekday","Night",3652400,213885,3564.752204999819,0.12125007499999384,1.75,0
8053475328,3,"Wednesday","Weekday","Morning",3195850,110985,1849.7495099998544,0.0719047428571372,0.483333,0
8053475328,3,"Wednesday","Weekday","Evening",1369650,493920,8231.999264999828,0.7466665999999844,2.95,0
8053475328,3,"Wednesday","Weekday","Afternoon",2739300,700455,11674.249754999197,0.5294444333332969,1.666667,0
8053475328,4,"Thursday","Weekday","Afternoon",2374060,573300,9554.998530000561,0.49999992307695246,1.7,0
8053475328,4,"Thursday","Weekday","Evening",1095720,541695,9028.249754999862,1.0236110833333179,2.333333,0
8053475328,4,"Thursday","Weekday","Morning",3195850,160965,2682.7500000002183,0.10428571428572277,0.5,0
8053475328,4,"Thursday","Weekday","Night",3469780,223440,3724.0002449998865,0.1333333421052591,1.816667,0
8053475328,5,"Friday","Weekday","Morning",2556680,30135,502.2504900000165,0.024404785714286517,0.25,0
8053475328,5,"Friday","Weekday","Evening",1095720,448350,7472.500245000612,0.8472222500000695,2.8,0
8053475328,5,"Friday","Weekday","Night",2921920,176400,2939.9985300001636,0.12499993750000696,1.5,0
8053475328,5,"Friday","Weekday","Afternoon",2191440,529935,8832.24951000122,0.5006944166667359,1.766667,0
8053475328,6,"Saturday","Weekend","Afternoon",2191440,691635,11527.249020000823,0.6534721666667134,1.933333,0
8053475328,6,"Saturday","Weekend","Morning",2556680,22050,367.5000000000034,0.017857142857143023,0.183333,0
8053475328,6,"Saturday","Weekend","Evening",1095720,397635,6627.24951000054,0.7513888333333946,2.983333,0
8053475328,6,"Saturday","Weekend","Night",2921920,192570,3209.5002449998574,0.13645834374999394,1.766667,0
8253242879,0,"Sunday","Weekend","Morning",473368,141799,2363.3160919998313,0.3916665714285435,2.283333,0
8253242879,0,"Sunday","Weekend","Evening",202872,13361,222.68347700000376,0.08611116666666813,0.133333,0.016667
8253242879,0,"Sunday","Weekend","Afternoon",405744,56461,941.0165230000814,0.1819444166666824,0.6,0
8253242879,0,"Sunday","Weekend","Night",540992,5172,86.19999999999831,0.012499999999999754,0.1,0
8253242879,1,"Monday","Weekday","Evening",202872,4310,71.83347699999835,0.027777833333332697,0.1,0
8253242879,1,"Monday","Weekday","Afternoon",405744,112491,1874.8504310001347,0.36250008333335937,1.266667,0
8253242879,1,"Monday","Weekday","Night",540992,3448,57.466953999998736,0.008333374999999817,0.066667,0
8253242879,1,"Monday","Weekday","Morning",473368,76718,1278.633477000076,0.21190478571429833,1.3,0
8253242879,2,"Tuesday","Weekday","Morning",710052,129731,2162.183477000095,0.23888890476191527,1.716667,0
8253242879,2,"Tuesday","Weekday","Afternoon",608616,93096,1551.5995690001894,0.19999994444446886,0.466667,0.033333
8253242879,2,"Tuesday","Weekday","Night",811488,27153,452.5499999999885,0.04374999999999889,0.216667,0
8253242879,2,"Tuesday","Weekday","Evening",304308,23705,395.0834770000052,0.10185188888889023,0.166667,0.05
8253242879,3,"Wednesday","Weekday","Night",811488,27584,459.73390800000095,0.044444500000000095,0.3,0
8253242879,3,"Wednesday","Weekday","Morning",710052,181451,3024.1830460000956,0.33412695238096296,2.483333,0
8253242879,3,"Wednesday","Weekday","Afternoon",608616,91372,1522.866954000061,0.1962963333333412,0.716667,0.016667
8253242879,3,"Wednesday","Weekday","Evening",304308,18102,301.70000000000084,0.077777777777778,0.233333,0.016667
8253242879,4,"Thursday","Weekday","Night",811488,12930,215.49999999999892,0.020833333333333228,0.4,0
8253242879,4,"Thursday","Weekday","Evening",304308,15085,251.41695399999617,0.0648148888888879,0.266667,0
8253242879,4,"Thursday","Weekday","Afternoon",608616,42238,703.9665230000077,0.09074072222222321,0.533333,0
8253242879,4,"Thursday","Weekday","Morning",710052,186623,3110.383476999945,0.34365080952380345,2.416667,0
8253242879,5,"Friday","Weekday","Afternoon",608616,89217,1486.9499999999898,0.19166666666666535,0.45,0.05
8253242879,5,"Friday","Weekday","Morning",710052,41807,696.7834770000028,0.07698414285714317,1.483333,0
8253242879,5,"Friday","Weekday","Night",777676,19395,323.249569000003,0.03260865217391335,0.183333,0
8253242879,5,"Friday","Weekday","Evening",304308,33618,560.2995689999848,0.1444443333333294,0.333333,0.033333
8253242879,6,"Saturday","Weekend","Evening",202872,15947,265.78304600000286,0.10277766666666777,0.25,0
8253242879,6,"Saturday","Weekend","Morning",473368,116370,1939.5004310000163,0.32142864285714556,1.966667,0
8253242879,6,"Saturday","Weekend","Night",540992,24136,402.2665229999937,0.05833331249999909,0.35,0
8253242879,6,"Saturday","Weekend","Afternoon",405744,88355,1472.5830459999893,0.2847221666666646,1.233333,0.016667
8378563200,0,"Sunday","Weekend","Morning",2979956,153615,2560.248284999848,0.12440467857142118,0.35,0
8378563200,0,"Sunday","Weekend","Evening",1277124,58065,967.7502450000607,0.10972225000000688,0.2,0.033333
8378563200,0,"Sunday","Weekend","Night",3405664,15435,257.2492650000186,0.010937468750000791,0.05,0
8378563200,0,"Sunday","Weekend","Afternoon",2554248,307230,5120.498774999931,0.29027770833332944,2.7,0
8378563200,1,"Monday","Weekday","Night",3405664,526995,8783.25146999982,0.3734375624999923,2.75,0
8378563200,1,"Monday","Weekday","Evening",1277124,61740,1029.000734999981,0.11666674999999785,0.266667,0
8378563200,1,"Monday","Weekday","Afternoon",2554248,181545,3025.748775000159,0.17152770833334235,0.35,0.083333
8378563200,1,"Monday","Weekday","Morning",2979956,565950,9432.499754998858,0.45833332142851596,1.866667,0.05
8378563200,2,"Tuesday","Weekday","Evening",1596405,130830,2180.499510000202,0.19777773333335166,0.45,0.016667
8378563200,2,"Tuesday","Weekday","Morning",3724945,702660,11711.001224999725,0.45523814285713216,1.966667,0.05
8378563200,2,"Tuesday","Weekday","Afternoon",3192810,263865,4397.749754999886,0.19944443333332817,0.833333,0.05
8378563200,2,"Tuesday","Weekday","Night",4257080,530670,8844.499755000365,0.3008333250000124,2.75,0
8378563200,3,"Wednesday","Weekday","Night",4257080,408660,6811.000980000476,0.2316667000000162,2.75,0
8378563200,3,"Wednesday","Weekday","Afternoon",3192810,257250,4287.500489998936,0.19444446666661844,0.666667,0.05
8378563200,3,"Wednesday","Weekday","Morning",3724945,601230,10020.50049000177,0.38952382857149737,1.833333,0.1
8378563200,3,"Wednesday","Weekday","Evening",1596405,94080,1567.999755000041,0.1422222000000037,0.383333,0
8378563200,4,"Thursday","Weekday","Night",4044226,396900,6615.000735001282,0.23684213157899328,2.75,0
8378563200,4,"Thursday","Weekday","Evening",1277124,77910,1298.5002450000402,0.14722225000000455,0.383333,0
8378563200,4,"Thursday","Weekday","Afternoon",2767102,221235,3687.251714999386,0.19294880769227557,0.516667,0.066667
8378563200,4,"Thursday","Weekday","Morning",3724945,707805,11796.750000001002,0.45857142857146754,2.4,0.05
8378563200,5,"Friday","Weekday","Evening",1277124,56595,943.249754999991,0.10694441666666564,0.183333,0.016667
8378563200,5,"Friday","Weekday","Morning",2979956,560805,9346.74950999939,0.4541666428571132,2.016667,0.066667
8378563200,5,"Friday","Weekday","Night",3405664,288120,4802.001224999513,0.2041667187499793,2.75,0
8378563200,5,"Friday","Weekday","Afternoon",2554248,219765,3662.749755000159,0.20763887500000902,0.6,0.066667
8378563200,6,"Saturday","Weekend","Evening",1277124,63210,1053.5012250000918,0.11944458333334375,0.2,0.016667
8378563200,6,"Saturday","Weekend","Night",3405664,36750,612.5012250000203,0.026041718750000865,0.15,0
8378563200,6,"Saturday","Weekend","Morning",2979956,133035,2217.250244999743,0.10773810714284464,0.283333,0
8378563200,6,"Saturday","Weekend","Afternoon",2554248,404985,6749.749754999237,0.38263887499995675,2.483333,0
8583815059,0,"Sunday","Weekend","Night",2540864,75390,1256.5007180001137,0.05468753125000495,0.916667,0
8583815059,0,"Sunday","Weekend","Morning",2223256,143600,2393.3338119999557,0.11904764285714066,1.316667,0
8583815059,0,"Sunday","Weekend","Evening",952824,50978,849.6330940000443,0.09861108333333847,0.633333,0
8583815059,0,"Sunday","Weekend","Afternoon",1905648,294380,4906.332376000099,0.28472216666667244,1.383333,0
8583815059,1,"Monday","Weekday","Afternoon",1905648,229042,3817.365469999728,0.22152770833331753,2.933333,0
8583815059,1,"Monday","Weekday","Evening",952824,72518,1208.6338119999998,0.14027783333333332,0.466667,0
8583815059,1,"Monday","Weekday","Night",2540864,23694,394.899999999986,0.01718749999999939,0.133333,0
8583815059,1,"Monday","Weekday","Morning",2223256,152216,2536.932376000476,0.12619042857145224,1.183333,0
8583815059,2,"Tuesday","Weekday","Evening",1191030,88314,1471.900717999935,0.1366667333333273,0.716667,0
8583815059,2,"Tuesday","Weekday","Morning",2779070,260634,4343.89999999974,0.17285714285713252,1.366667,0
8583815059,2,"Tuesday","Weekday","Afternoon",2382060,402080,6701.333093999003,0.31111109999995373,1.666667,0
8583815059,2,"Tuesday","Weekday","Night",3176080,32310,538.4999999999932,0.018749999999999763,0.183333,0
8583815059,3,"Wednesday","Weekday","Night",3017276,25848,430.8000000000485,0.015789473684212303,0.15,0
8583815059,3,"Wednesday","Weekday","Evening",1191030,66774,1112.9007179999462,0.10333339999999501,0.483333,0
8583815059,3,"Wednesday","Weekday","Morning",2779070,164422,2740.3669060000498,0.10904762857143055,1.283333,0
8583815059,3,"Wednesday","Weekday","Afternoon",2382060,556450,9274.166187999896,0.43055553333332847,2.966667,0
8583815059,4,"Thursday","Weekday","Night",2540864,35900,598.332375999953,0.026041624999997955,0.183333,0
8583815059,4,"Thursday","Weekday","Afternoon",1905648,329562,5492.699281999356,0.31874995833329595,1.583333,0
8583815059,4,"Thursday","Weekday","Evening",952824,96212,1603.5323759999915,0.186110999999999,0.483333,0.05
8583815059,4,"Thursday","Weekday","Morning",2223256,85442,1424.0338120000777,0.070833357142861,0.45,0
8583815059,5,"Friday","Weekday","Evening",952824,73954,1232.5661879999907,0.14305549999999892,0.5,0
8583815059,5,"Friday","Weekday","Night",2540864,43080,718.0007179999986,0.03125003124999994,0.183333,0
8583815059,5,"Friday","Weekday","Afternoon",1905648,422902,7048.366905999602,0.40902779166664355,1.716667,0
8583815059,5,"Friday","Weekday","Morning",2223256,280738,4678.96690600035,0.23273810714287455,1.833333,0
8583815059,6,"Saturday","Weekend","Evening",952824,113444,1890.7330939998872,0.21944441666665357,0.433333,0
8583815059,6,"Saturday","Weekend","Morning",2223256,269968,4499.468341999502,0.22380960714283235,1.4,0
8583815059,6,"Saturday","Weekend","Afternoon",1905648,261352,4355.86618800023,0.25277775000001335,0.983333,0
8583815059,6,"Saturday","Weekend","Night",2540864,56004,933.399281999961,0.040624968749998304,0.333333,0
8792009665,0,"Sunday","Weekend","Morning",1588720,11424,190.39977599999776,0.010119035714285594,0.166667,0
8792009665,0,"Sunday","Weekend","Evening",680880,10080,168.0000000000071,0.020833333333334213,0.116667,0
8792009665,0,"Sunday","Weekend","Afternoon",1361760,28896,481.59955199998905,0.029861083333332653,0.183333,0
8792009665,0,"Sunday","Weekend","Night",1815680,32256,537.5999999999638,0.024999999999998315,0.633333,0
8792009665,1,"Monday","Weekday","Evening",680880,9408,156.79977600000058,0.019444416666666738,0.133333,0
8792009665,1,"Monday","Weekday","Night",1815680,24864,414.4002240000045,0.01927084375000021,0.25,0
8792009665,1,"Monday","Weekday","Afternoon",1361760,14784,246.40022400000092,0.015277791666666724,0.133333,0
8792009665,1,"Monday","Weekday","Morning",1588720,18816,313.60022399998473,0.01666667857142776,0.316667,0
8792009665,2,"Tuesday","Weekday","Night",1815680,39648,660.7997759999946,0.03072915624999975,0.233333,0
8792009665,2,"Tuesday","Weekday","Evening",680880,46368,772.800672000048,0.09583341666667262,0.483333,0
8792009665,2,"Tuesday","Weekday","Afternoon",1361760,95424,1590.4008960001318,0.09861116666667484,0.45,0
8792009665,2,"Tuesday","Weekday","Morning",1588720,55104,918.4002240000235,0.048809535714286964,0.466667,0
8792009665,3,"Wednesday","Weekday","Morning",1588720,55776,929.5997759999418,0.04940474999999691,0.216667,0
8792009665,3,"Wednesday","Weekday","Afternoon",1361760,138432,2307.2011199997746,0.14305562499998603,0.783333,0
8792009665,3,"Wednesday","Weekday","Night",1815680,57120,951.9995519999283,0.04427081249999666,0.283333,0
8792009665,3,"Wednesday","Weekday","Evening",680880,72576,1209.600000000177,0.15000000000002195,0.55,0
8792009665,4,"Thursday","Weekday","Morning",1588720,44352,739.2006720000016,0.039285750000000084,0.35,0
8792009665,4,"Thursday","Weekday","Night",1815680,49056,817.6008959999723,0.03802087499999871,0.25,0
8792009665,4,"Thursday","Weekday","Evening",680880,34272,571.1999999999763,0.07083333333333039,0.466667,0
8792009665,4,"Thursday","Weekday","Afternoon",1361760,143136,2385.599327999916,0.1479166249999948,0.683333,0
8792009665,5,"Friday","Weekday","Night",1815680,59136,985.6015680000249,0.04583340625000116,0.4,0
8792009665,5,"Friday","Weekday","Afternoon",1361760,243264,4054.400448000336,0.2513889166666875,1.233333,0
8792009665,5,"Friday","Weekday","Evening",680880,120288,2004.8004479999747,0.24861116666666352,0.766667,0
8792009665,5,"Friday","Weekday","Morning",1588720,108192,1803.200447999997,0.09583335714285698,0.766667,0
8792009665,6,"Saturday","Weekend","Morning",1588720,121632,2027.2002239999747,0.1077381071428558,0.55,0
8792009665,6,"Saturday","Weekend","Night",1815680,57792,963.1997759999733,0.04479165624999876,0.35,0
8792009665,6,"Saturday","Weekend","Afternoon",1361760,241920,4031.99932800032,0.24999995833335317,1.4,0
8792009665,6,"Saturday","Weekend","Evening",680880,68544,1142.400000000042,0.14166666666667185,0.766667,0
8877689391,0,"Sunday","Weekend","Evening",1268952,172725,2878.7502450002034,0.32638891666668973,0.9,0.116667
8877689391,0,"Sunday","Weekend","Night",3383872,93345,1555.7502449999697,0.06614584374999871,0.716667,0
8877689391,0,"Sunday","Weekend","Morning",2960888,293265,4887.75073500024,0.23750003571429737,0.966667,0
8877689391,0,"Sunday","Weekend","Afternoon",2537904,568155,9469.2497550001,0.5368055416666724,2.683333,0.083333
8877689391,1,"Monday","Weekday","Evening",1268952,177870,2964.5004899999335,0.33611116666665913,1.9,0.05
8877689391,1,"Monday","Weekday","Night",3383872,8820,147.00000000000145,0.006250000000000062,0.116667,0
8877689391,1,"Monday","Weekday","Morning",2960888,442470,7374.499755000876,0.35833332142861396,1.633333,0.033333
8877689391,1,"Monday","Weekday","Afternoon",2537904,429240,7154.0012249999045,0.4055556249999946,2.65,0
8877689391,2,"Tuesday","Weekday","Night",4229840,70560,1176.0000000000184,0.040000000000000625,0.716667,0
8877689391,2,"Tuesday","Weekday","Evening",1586190,219030,3650.499509999655,0.33111106666663537,0.633333,0.116667
8877689391,2,"Tuesday","Weekday","Afternoon",3172380,546840,9114.000000000167,0.41333333333334094,2.883333,0.016667
8877689391,2,"Tuesday","Weekday","Morning",3701110,625485,10424.749020000356,0.405238057142871,2.633333,0.033333
8877689391,3,"Wednesday","Weekday","Evening",1586190,225645,3760.7495100000565,0.3411110666666718,0.783333,0.116667
8877689391,3,"Wednesday","Weekday","Afternoon",3172380,1024590,17076.49901999987,0.774444399999994,2.883333,0.05
8877689391,3,"Wednesday","Weekday","Night",4229840,25725,428.7504899999913,0.014583349999999705,0.333333,0
8877689391,3,"Wednesday","Weekday","Morning",3701110,572565,9542.749019999601,0.37095234285712736,1.816667,0
8877689391,4,"Thursday","Weekday","Night",4018348,39690,661.4992649999616,0.02368418421052494,0.483333,0
8877689391,4,"Thursday","Weekday","Afternoon",2749396,669585,11159.750490000159,0.5839743846153929,2.466667,0.05
8877689391,4,"Thursday","Weekday","Evening",1268952,183750,3062.4995100005167,0.34722216666672523,1.033333,0.133333
8877689391,4,"Thursday","Weekday","Morning",3701110,623280,10387.999019998824,0.40380948571424,2.2,0
8877689391,5,"Friday","Weekday","Evening",1268952,249165,4152.749264999825,0.47083324999998016,2.116667,0.066667
8877689391,5,"Friday","Weekday","Morning",2960888,313845,5230.750979999846,0.2541667142857068,0.883333,0.016667
8877689391,5,"Friday","Weekday","Night",3383872,75705,1261.7502450000015,0.05364584375000007,0.683333,0
8877689391,5,"Friday","Weekday","Afternoon",2537904,722505,12041.749020001438,0.6826388333334149,3,0.066667
8877689391,6,"Saturday","Weekend","Afternoon",2537904,974610,16243.499999999944,0.9208333333333302,3,0
8877689391,6,"Saturday","Weekend","Morning",2960888,696780,11613.001469998871,0.5642857857142308,2.333333,0
8877689391,6,"Saturday","Weekend","Evening",1268952,156555,2609.249999999811,0.2958333333333119,0.5,0.15
8877689391,6,"Saturday","Weekend","Night",3383872,106575,1776.2495099999826,0.07552081249999926,1.283333,0
